city,admin_name,lat,lng,forecast_date,temperature_2m_max,temperature_2m_min,precipitation_sum,precipitation_probability_max,wind_speed_10m_max,wind_gusts_10m_max,weather_code
Casablanca,Casablanca-Settat,33.5992,-7.62,2026-09-19,26.5,18.9,0.0,0,10.9,31.3,45
Casablanca,Casablanca-Settat,33.5992,-7.62,2026-09-20,29.8,20.0,0.0,0,9.7,28.4,1
Casablanca,Casablanca-Settat,33.5992,-7.62,2026-09-21,30.1,20.6,0.0,0,10.6,31.0,1
Casablanca,Casablanca-Settat,33.5992,-7.62,2026-09-22,29.0,19.9,0.0,0,9.8,28.8,45
Casablanca,Casablanca-Settat,33.5992,-7.62,2026-09-23,28.6,19.5,0.0,0,9.5,28.8,45
Casablanca,Casablanca-Settat,33.5992,-7.62,2026-09-24,29.4,18.0,0.0,0,11.3,30.2,45
Casablanca,Casablanca-Settat,33.5992,-7.62,2026-09-25,26.5,20.0,0.0,0,12.0,33.1,45
Tangier,Tanger-Tétouan-Al Hoceïma,35.7767,-5.8039,2026-09-19,27.7,22.9,0.0,0,32.4,76.0,2
Tangier,Tanger-Tétouan-Al Hoceïma,35.7767,-5.8039,2026-09-20,28.3,23.8,0.0,0,32.0,74.9,1
Tangier,Tanger-Tétouan-Al Hoceïma,35.7767,-5.8039,2026-09-21,28.6,22.9,0.0,0,28.5,66.6,1
Tangier,Tanger-Tétouan-Al Hoceïma,35.7767,-5.8039,2026-09-22,28.6,21.7,0.0,0,24.9,57.6,3
Tangier,Tanger-Tétouan-Al Hoceïma,35.7767,-5.8039,2026-09-23,29.8,21.3,0.0,0,18.5,43.6,0
Tangier,Tanger-Tétouan-Al Hoceïma,35.7767,-5.8039,2026-09-24,28.0,22.3,0.0,0,24.9,45.7,1
Tangier,Tanger-Tétouan-Al Hoceïma,35.7767,-5.8039,2026-09-25,24.8,18.3,0.0,0,10.1,20.9,45
Fès,Fès-Meknès,34.0433,-5.0033,2026-09-19,33.9,21.2,0.0,5,16.2,41.0,2
Fès,Fès-Meknès,34.0433,-5.0033,2026-09-20,35.2,21.8,0.0,0,14.3,36.7,1
Fès,Fès-Meknès,34.0433,-5.0033,2026-09-21,34.6,21.8,0.0,0,12.1,32.0,1
Fès,Fès-Meknès,34.0433,-5.0033,2026-09-22,33.6,20.8,0.0,0,10.0,27.4,0
Fès,Fès-Meknès,34.0433,-5.0033,2026-09-23,34.7,20.2,0.0,0,9.5,25.2,0
Fès,Fès-Meknès,34.0433,-5.0033,2026-09-24,36.0,20.6,0.0,0,13.7,33.5,2
Fès,Fès-Meknès,34.0433,-5.0033,2026-09-25,33.5,20.0,0.0,0,16.3,40.3,3
Marrakech,Marrakech-Safi,31.6295,-7.9811,2026-09-19,36.4,20.3,0.1,23,9.9,28.8,3
Marrakech,Marrakech-Safi,31.6295,-7.9811,2026-09-20,37.1,23.2,0.2,48,13.7,32.8,80
Marrakech,Marrakech-Safi,31.6295,-7.9811,2026-09-21,37.5,22.1,0.0,3,14.8,41.8,3
Marrakech,Marrakech-Safi,31.6295,-7.9811,2026-09-22,37.6,20.2,0.0,1,11.9,32.4,2
Marrakech,Marrakech-Safi,31.6295,-7.9811,2026-09-23,37.6,20.5,0.0,0,9.1,24.1,3
Marrakech,Marrakech-Safi,31.6295,-7.9811,2026-09-24,37.1,20.6,0.0,0,16.6,28.4,1
Marrakech,Marrakech-Safi,31.6295,-7.9811,2026-09-25,34.5,21.7,0.0,3,17.9,30.6,3
Sale,Rabat-Salé-Kénitra,34.05,-6.8167,2026-09-19,28.6,17.0,0.0,0,11.9,31.0,2
Sale,Rabat-Salé-Kénitra,34.05,-6.8167,2026-09-20,31.1,19.3,0.0,0,11.5,29.9,1
Sale,Rabat-Salé-Kénitra,34.05,-6.8167,2026-09-21,30.7,20.7,0.0,0,11.4,30.2,1
Sale,Rabat-Salé-Kénitra,34.05,-6.8167,2026-09-22,30.2,20.2,0.0,0,11.3,29.2,0
Sale,Rabat-Salé-Kénitra,34.05,-6.8167,2026-09-23,29.3,18.9,0.0,0,11.8,32.0,1
Sale,Rabat-Salé-Kénitra,34.05,-6.8167,2026-09-24,27.4,18.7,0.0,0,10.7,25.6,45
Sale,Rabat-Salé-Kénitra,34.05,-6.8167,2026-09-25,25.7,20.3,0.0,0,11.5,27.7,45
Meknès,Fès-Meknès,33.8833,-5.55,2026-09-19,33.7,18.9,0.0,0,11.3,29.9,2
Meknès,Fès-Meknès,33.8833,-5.55,2026-09-20,35.2,20.2,0.0,0,12.0,34.2,1
Meknès,Fès-Meknès,33.8833,-5.55,2026-09-21,35.0,20.2,0.0,0,13.0,34.6,1
Meknès,Fès-Meknès,33.8833,-5.55,2026-09-22,33.8,19.1,0.0,0,13.9,35.3,0
Meknès,Fès-Meknès,33.8833,-5.55,2026-09-23,34.2,17.3,0.0,0,12.0,32.4,0
Meknès,Fès-Meknès,33.8833,-5.55,2026-09-24,34.9,18.9,0.0,0,15.1,35.3,2
Meknès,Fès-Meknès,33.8833,-5.55,2026-09-25,32.1,18.8,0.0,3,17.3,39.2,3
Rabat,Rabat-Salé-Kénitra,34.0211,-6.8414,2026-09-19,28.6,17.1,0.0,0,11.9,31.0,2
Rabat,Rabat-Salé-Kénitra,34.0211,-6.8414,2026-09-20,31.2,19.4,0.0,0,11.5,29.9,1
Rabat,Rabat-Salé-Kénitra,34.0211,-6.8414,2026-09-21,30.7,20.8,0.0,0,11.4,30.2,1
Rabat,Rabat-Salé-Kénitra,34.0211,-6.8414,2026-09-22,30.3,20.2,0.0,0,11.3,29.2,0
Rabat,Rabat-Salé-Kénitra,34.0211,-6.8414,2026-09-23,29.3,18.9,0.0,0,11.8,32.0,1
Rabat,Rabat-Salé-Kénitra,34.0211,-6.8414,2026-09-24,27.5,18.8,0.0,0,10.7,25.6,45
Rabat,Rabat-Salé-Kénitra,34.0211,-6.8414,2026-09-25,25.7,20.4,0.0,0,11.5,27.7,45
Agadir,Souss-Massa,30.4214,-9.5831,2026-09-19,26.4,21.2,0.0,0,12.6,38.9,2
Agadir,Souss-Massa,30.4214,-9.5831,2026-09-20,28.2,20.9,0.0,0,11.6,35.3,45
Agadir,Souss-Massa,30.4214,-9.5831,2026-09-21,34.4,22.7,0.0,0,9.4,27.0,3
Agadir,Souss-Massa,30.4214,-9.5831,2026-09-22,34.0,24.7,0.0,0,12.3,38.5,3
Agadir,Souss-Massa,30.4214,-9.5831,2026-09-23,35.1,24.4,0.0,0,10.5,36.7,3
Agadir,Souss-Massa,30.4214,-9.5831,2026-09-24,38.9,22.6,0.0,0,14.2,30.6,3
Agadir,Souss-Massa,30.4214,-9.5831,2026-09-25,31.0,20.8,0.0,0,14.0,28.1,45
Kenitra,Rabat-Salé-Kénitra,34.25,-6.5833,2026-09-19,32.6,17.6,0.0,0,15.0,37.4,1
Kenitra,Rabat-Salé-Kénitra,34.25,-6.5833,2026-09-20,35.8,19.4,0.0,0,13.9,36.4,1
Kenitra,Rabat-Salé-Kénitra,34.25,-6.5833,2026-09-21,34.9,20.2,0.0,0,13.8,34.2,1
Kenitra,Rabat-Salé-Kénitra,34.25,-6.5833,2026-09-22,32.3,19.8,0.0,0,12.2,31.0,0
Kenitra,Rabat-Salé-Kénitra,34.25,-6.5833,2026-09-23,32.0,18.5,0.0,0,12.1,30.6,45
Kenitra,Rabat-Salé-Kénitra,34.25,-6.5833,2026-09-24,28.1,17.9,0.0,0,10.9,26.3,45
Kenitra,Rabat-Salé-Kénitra,34.25,-6.5833,2026-09-25,25.9,20.1,0.0,0,10.7,26.3,45
Oujda-Angad,Oriental,34.6867,-1.9114,2026-09-19,29.4,19.2,0.6,58,14.6,31.7,80
Oujda-Angad,Oriental,34.6867,-1.9114,2026-09-20,30.5,18.4,0.5,18,16.4,35.3,80
Oujda-Angad,Oriental,34.6867,-1.9114,2026-09-21,27.5,18.4,0.0,3,19.5,41.0,45
Oujda-Angad,Oriental,34.6867,-1.9114,2026-09-22,29.3,15.2,0.0,0,14.9,35.6,45
Oujda-Angad,Oriental,34.6867,-1.9114,2026-09-23,30.2,15.3,0.0,0,18.4,39.2,0
Oujda-Angad,Oriental,34.6867,-1.9114,2026-09-24,34.6,16.6,0.0,0,11.9,34.2,1
Oujda-Angad,Oriental,34.6867,-1.9114,2026-09-25,34.3,21.3,0.0,0,22.8,41.0,3
Tétouan,Tanger-Tétouan-Al Hoceïma,35.5667,-5.3667,2026-09-19,26.0,22.6,0.0,0,32.2,72.7,2
Tétouan,Tanger-Tétouan-Al Hoceïma,35.5667,-5.3667,2026-09-20,26.0,22.9,0.0,0,26.2,63.7,3
Tétouan,Tanger-Tétouan-Al Hoceïma,35.5667,-5.3667,2026-09-21,27.0,22.7,0.0,0,26.8,64.1,2
Tétouan,Tanger-Tétouan-Al Hoceïma,35.5667,-5.3667,2026-09-22,26.7,21.5,0.0,0,20.3,46.4,2
Tétouan,Tanger-Tétouan-Al Hoceïma,35.5667,-5.3667,2026-09-23,26.6,20.0,0.0,0,15.6,38.5,2
Tétouan,Tanger-Tétouan-Al Hoceïma,35.5667,-5.3667,2026-09-24,27.2,20.6,0.0,0,16.5,40.0,45
Tétouan,Tanger-Tétouan-Al Hoceïma,35.5667,-5.3667,2026-09-25,30.1,19.6,0.0,0,9.4,19.8,45
Safi,Marrakech-Safi,32.2833,-9.2333,2026-09-19,27.0,19.0,0.0,0,18.9,34.9,2
Safi,Marrakech-Safi,32.2833,-9.2333,2026-09-20,24.7,20.6,0.0,0,8.9,18.0,2
Safi,Marrakech-Safi,32.2833,-9.2333,2026-09-21,27.2,19.3,0.0,0,8.0,16.9,45
Safi,Marrakech-Safi,32.2833,-9.2333,2026-09-22,27.1,18.5,0.0,0,12.8,25.9,45
Safi,Marrakech-Safi,32.2833,-9.2333,2026-09-23,29.6,19.4,0.0,0,13.6,27.7,3
Safi,Marrakech-Safi,32.2833,-9.2333,2026-09-24,26.9,19.0,0.0,0,12.7,25.6,3
Safi,Marrakech-Safi,32.2833,-9.2333,2026-09-25,26.7,19.8,0.0,0,14.5,29.9,3
Taourirt,Oriental,34.41,-2.89,2026-09-19,30.5,20.0,0.5,25,29.1,52.2,80
Taourirt,Oriental,34.41,-2.89,2026-09-20,31.4,21.1,0.0,0,31.0,51.8,45
Taourirt,Oriental,34.41,-2.89,2026-09-21,29.1,20.1,0.0,0,26.7,44.3,3
Taourirt,Oriental,34.41,-2.89,2026-09-22,30.5,17.9,0.0,0,22.0,43.9,45
Taourirt,Oriental,34.41,-2.89,2026-09-23,31.8,17.9,0.0,0,23.2,40.7,0
Taourirt,Oriental,34.41,-2.89,2026-09-24,34.1,18.5,0.0,0,16.3,36.4,0
Taourirt,Oriental,34.41,-2.89,2026-09-25,35.2,20.4,0.0,0,16.3,41.0,3
Temara,Rabat-Salé-Kénitra,33.9234,-6.9076,2026-09-19,28.5,16.7,0.0,0,11.4,31.0,2
Temara,Rabat-Salé-Kénitra,33.9234,-6.9076,2026-09-20,31.6,19.0,0.0,0,10.4,29.2,1
Temara,Rabat-Salé-Kénitra,33.9234,-6.9076,2026-09-21,30.8,19.9,0.0,0,10.8,30.2,1
Temara,Rabat-Salé-Kénitra,33.9234,-6.9076,2026-09-22,30.3,20.2,0.0,0,11.0,30.2,0
Temara,Rabat-Salé-Kénitra,33.9234,-6.9076,2026-09-23,29.8,18.7,0.0,0,11.0,30.6,0
Temara,Rabat-Salé-Kénitra,33.9234,-6.9076,2026-09-24,25.1,18.4,0.0,0,10.7,22.7,45
Temara,Rabat-Salé-Kénitra,33.9234,-6.9076,2026-09-25,24.1,19.9,0.0,0,12.0,25.6,45
Laâyoune,Laâyoune-Sakia El Hamra,27.15,-13.2,2026-09-19,28.7,18.5,0.0,0,22.4,45.7,2
Laâyoune,Laâyoune-Sakia El Hamra,27.15,-13.2,2026-09-20,33.3,18.7,0.0,0,21.9,43.2,3
Laâyoune,Laâyoune-Sakia El Hamra,27.15,-13.2,2026-09-21,35.8,20.8,0.0,1,23.0,45.0,0
Laâyoune,Laâyoune-Sakia El Hamra,27.15,-13.2,2026-09-22,36.5,20.9,0.0,2,25.1,48.6,2
Laâyoune,Laâyoune-Sakia El Hamra,27.15,-13.2,2026-09-23,41.9,21.0,0.0,2,25.9,48.6,2
Laâyoune,Laâyoune-Sakia El Hamra,27.15,-13.2,2026-09-24,43.1,26.3,0.0,1,30.4,61.2,3
Laâyoune,Laâyoune-Sakia El Hamra,27.15,-13.2,2026-09-25,37.9,23.1,0.0,2,26.1,49.3,3
El Jadid,Casablanca-Settat,33.2566,-8.5025,2026-09-19,25.6,20.0,0.0,0,15.6,28.8,2
El Jadid,Casablanca-Settat,33.2566,-8.5025,2026-09-20,27.6,20.3,0.0,0,11.6,21.6,45
El Jadid,Casablanca-Settat,33.2566,-8.5025,2026-09-21,27.1,20.6,0.0,0,12.8,24.1,45
El Jadid,Casablanca-Settat,33.2566,-8.5025,2026-09-22,26.0,20.1,0.0,0,12.1,22.7,45
El Jadid,Casablanca-Settat,33.2566,-8.5025,2026-09-23,26.0,19.5,0.0,0,13.1,24.8,45
El Jadid,Casablanca-Settat,33.2566,-8.5025,2026-09-24,27.1,19.6,0.0,0,12.4,25.2,3
El Jadid,Casablanca-Settat,33.2566,-8.5025,2026-09-25,25.3,20.1,0.0,0,11.5,24.8,3
Ait Melloul,Souss-Massa,30.3342,-9.4972,2026-09-19,25.6,20.0,0.0,0,20.5,40.3,2
Ait Melloul,Souss-Massa,30.3342,-9.4972,2026-09-20,27.0,20.0,0.0,0,18.0,36.7,45
Ait Melloul,Souss-Massa,30.3342,-9.4972,2026-09-21,34.9,21.1,0.0,0,14.2,29.5,3
Ait Melloul,Souss-Massa,30.3342,-9.4972,2026-09-22,35.9,21.9,0.0,0,18.7,36.4,3
Ait Melloul,Souss-Massa,30.3342,-9.4972,2026-09-23,34.8,22.8,0.0,0,17.2,35.6,3
Ait Melloul,Souss-Massa,30.3342,-9.4972,2026-09-24,39.1,22.8,0.0,0,14.2,30.6,3
Ait Melloul,Souss-Massa,30.3342,-9.4972,2026-09-25,31.2,21.1,0.0,0,14.0,28.1,45
Béni Mellal,Béni Mellal-Khénifra,32.3394,-6.3608,2026-09-19,34.6,22.9,0.0,5,18.3,36.7,2
Béni Mellal,Béni Mellal-Khénifra,32.3394,-6.3608,2026-09-20,35.7,24.1,0.0,8,19.8,47.5,3
Béni Mellal,Béni Mellal-Khénifra,32.3394,-6.3608,2026-09-21,35.2,23.9,0.0,0,18.1,37.8,2
Béni Mellal,Béni Mellal-Khénifra,32.3394,-6.3608,2026-09-22,34.7,23.6,0.0,0,15.8,33.1,2
Béni Mellal,Béni Mellal-Khénifra,32.3394,-6.3608,2026-09-23,34.9,22.3,0.0,0,16.1,34.6,0
Béni Mellal,Béni Mellal-Khénifra,32.3394,-6.3608,2026-09-24,36.0,24.2,0.0,3,17.4,32.8,1
Béni Mellal,Béni Mellal-Khénifra,32.3394,-6.3608,2026-09-25,33.7,24.1,0.0,7,10.8,25.2,3
Bouskoura,Casablanca-Settat,33.4489,-7.6486,2026-09-19,29.6,18.2,0.0,0,14.0,35.3,45
Bouskoura,Casablanca-Settat,33.4489,-7.6486,2026-09-20,34.1,19.7,0.0,0,13.7,35.6,1
Bouskoura,Casablanca-Settat,33.4489,-7.6486,2026-09-21,34.6,20.0,0.0,0,14.1,35.6,2
Bouskoura,Casablanca-Settat,33.4489,-7.6486,2026-09-22,33.7,19.4,0.0,0,13.9,34.2,0
Bouskoura,Casablanca-Settat,33.4489,-7.6486,2026-09-23,33.6,17.6,0.0,0,12.7,32.4,45
Bouskoura,Casablanca-Settat,33.4489,-7.6486,2026-09-24,28.6,17.4,0.0,0,11.3,30.2,45
Bouskoura,Casablanca-Settat,33.4489,-7.6486,2026-09-25,25.7,19.2,0.0,0,12.0,33.1,45
Tiznit,Souss-Massa,29.7,-9.7269,2026-09-19,27.2,19.1,0.0,0,14.6,27.0,2
Tiznit,Souss-Massa,29.7,-9.7269,2026-09-20,29.8,19.4,0.0,0,11.5,20.2,45
Tiznit,Souss-Massa,29.7,-9.7269,2026-09-21,36.3,22.5,0.0,0,15.6,26.6,3
Tiznit,Souss-Massa,29.7,-9.7269,2026-09-22,35.6,25.0,0.0,0,18.4,30.6,3
Tiznit,Souss-Massa,29.7,-9.7269,2026-09-23,33.3,25.0,0.0,0,17.9,31.3,3
Tiznit,Souss-Massa,29.7,-9.7269,2026-09-24,32.7,21.3,0.0,0,15.8,26.3,3
Tiznit,Souss-Massa,29.7,-9.7269,2026-09-25,25.1,19.5,0.0,0,15.2,25.2,3
Mohammedia,Casablanca-Settat,33.6833,-7.3833,2026-09-19,25.9,17.2,0.0,0,12.4,31.0,3
Mohammedia,Casablanca-Settat,33.6833,-7.3833,2026-09-20,28.5,18.8,0.0,0,11.0,27.7,1
Mohammedia,Casablanca-Settat,33.6833,-7.3833,2026-09-21,29.1,19.6,0.0,0,12.5,31.0,2
Mohammedia,Casablanca-Settat,33.6833,-7.3833,2026-09-22,28.3,19.2,0.0,0,11.9,28.8,45
Mohammedia,Casablanca-Settat,33.6833,-7.3833,2026-09-23,27.0,19.0,0.0,0,11.2,28.1,45
Mohammedia,Casablanca-Settat,33.6833,-7.3833,2026-09-24,31.3,17.3,0.0,0,14.7,28.1,45
Mohammedia,Casablanca-Settat,33.6833,-7.3833,2026-09-25,27.6,19.8,0.0,0,15.6,30.6,45
Kouribga,Béni Mellal-Khénifra,32.88,-6.9,2026-09-19,33.5,18.7,0.0,0,18.9,40.0,2
Kouribga,Béni Mellal-Khénifra,32.88,-6.9,2026-09-20,34.1,20.7,0.2,8,23.0,43.2,3
Kouribga,Béni Mellal-Khénifra,32.88,-6.9,2026-09-21,34.5,21.4,0.0,0,21.3,47.2,2
Kouribga,Béni Mellal-Khénifra,32.88,-6.9,2026-09-22,33.9,21.3,0.0,0,17.7,33.5,2
Kouribga,Béni Mellal-Khénifra,32.88,-6.9,2026-09-23,34.1,19.1,0.0,0,14.6,28.4,0
Kouribga,Béni Mellal-Khénifra,32.88,-6.9,2026-09-24,33.6,18.5,0.0,3,17.3,33.8,3
Kouribga,Béni Mellal-Khénifra,32.88,-6.9,2026-09-25,30.9,17.6,0.0,3,16.2,33.8,3
Settat,Casablanca-Settat,33.0023,-7.6198,2026-09-19,33.7,17.2,0.0,0,16.2,35.3,2
Settat,Casablanca-Settat,33.0023,-7.6198,2026-09-20,36.2,20.4,0.0,0,17.9,38.2,2
Settat,Casablanca-Settat,33.0023,-7.6198,2026-09-21,37.3,21.7,0.0,0,20.9,43.9,2
Settat,Casablanca-Settat,33.0023,-7.6198,2026-09-22,36.8,19.8,0.0,0,15.0,35.3,0
Settat,Casablanca-Settat,33.0023,-7.6198,2026-09-23,37.0,17.4,0.0,0,14.0,34.6,0
Settat,Casablanca-Settat,33.0023,-7.6198,2026-09-24,36.4,18.1,0.0,0,14.8,34.6,3
Settat,Casablanca-Settat,33.0023,-7.6198,2026-09-25,29.8,17.3,0.0,3,15.5,30.6,3
Barrechid,Casablanca-Settat,33.27,-7.5872,2026-09-19,33.0,16.7,0.0,0,16.3,30.2,2
Barrechid,Casablanca-Settat,33.27,-7.5872,2026-09-20,36.3,18.1,0.0,0,20.0,36.0,2
Barrechid,Casablanca-Settat,33.27,-7.5872,2026-09-21,37.5,19.5,0.0,0,20.1,36.7,2
Barrechid,Casablanca-Settat,33.27,-7.5872,2026-09-22,36.3,18.5,0.0,0,17.1,32.8,0
Barrechid,Casablanca-Settat,33.27,-7.5872,2026-09-23,36.2,16.2,0.0,0,16.3,30.6,1
Barrechid,Casablanca-Settat,33.27,-7.5872,2026-09-24,34.3,16.4,0.0,0,19.1,34.9,45
Barrechid,Casablanca-Settat,33.27,-7.5872,2026-09-25,29.0,19.2,0.0,3,16.1,31.3,45
Ad Dakhla,Dakhla-Oued Ed-Dahab,23.7167,-15.95,2026-09-19,21.5,20.2,0.0,0,29.9,37.1,0
Ad Dakhla,Dakhla-Oued Ed-Dahab,23.7167,-15.95,2026-09-20,21.7,19.5,0.0,0,28.3,34.9,0
Ad Dakhla,Dakhla-Oued Ed-Dahab,23.7167,-15.95,2026-09-21,21.7,20.3,0.0,8,32.1,40.0,0
Ad Dakhla,Dakhla-Oued Ed-Dahab,23.7167,-15.95,2026-09-22,22.0,20.6,0.0,6,32.8,40.7,0
Ad Dakhla,Dakhla-Oued Ed-Dahab,23.7167,-15.95,2026-09-23,24.1,20.9,0.1,6,35.7,41.4,51
Ad Dakhla,Dakhla-Oued Ed-Dahab,23.7167,-15.95,2026-09-24,23.5,21.4,0.2,2,26.1,32.8,51
Ad Dakhla,Dakhla-Oued Ed-Dahab,23.7167,-15.95,2026-09-25,24.4,22.3,0.0,4,27.8,41.0,3
Nador,Oriental,35.1667,-2.9333,2026-09-19,25.7,22.7,4.3,3,23.3,50.0,80
Nador,Oriental,35.1667,-2.9333,2026-09-20,26.0,23.2,4.4,15,21.2,45.0,80
Nador,Oriental,35.1667,-2.9333,2026-09-21,26.2,23.4,0.0,0,17.4,37.1,3
Nador,Oriental,35.1667,-2.9333,2026-09-22,26.2,20.8,0.0,0,12.5,30.6,2
Nador,Oriental,35.1667,-2.9333,2026-09-23,26.1,20.5,0.0,0,12.1,28.4,2
Nador,Oriental,35.1667,-2.9333,2026-09-24,28.1,19.2,0.0,0,17.8,32.0,45
Nador,Oriental,35.1667,-2.9333,2026-09-25,28.7,18.5,0.0,0,14.8,27.7,3
Taza,Fès-Meknès,34.2144,-4.0088,2026-09-19,29.3,19.3,0.0,0,24.3,50.0,3
Taza,Fès-Meknès,34.2144,-4.0088,2026-09-20,30.1,20.3,0.0,0,20.5,41.0,3
Taza,Fès-Meknès,34.2144,-4.0088,2026-09-21,28.8,20.3,0.0,0,21.3,43.2,3
Taza,Fès-Meknès,34.2144,-4.0088,2026-09-22,29.2,17.1,0.0,0,17.3,36.0,2
Taza,Fès-Meknès,34.2144,-4.0088,2026-09-23,31.8,17.2,0.0,0,11.4,27.0,0
Taza,Fès-Meknès,34.2144,-4.0088,2026-09-24,33.9,17.8,0.0,0,9.5,18.7,0
Taza,Fès-Meknès,34.2144,-4.0088,2026-09-25,33.6,19.2,0.0,0,21.7,40.0,3
Inezgane,Souss-Massa,30.3658,-9.5381,2026-09-19,24.5,19.9,0.0,0,14.8,42.5,45
Inezgane,Souss-Massa,30.3658,-9.5381,2026-09-20,26.0,19.6,0.0,0,13.4,36.4,45
Inezgane,Souss-Massa,30.3658,-9.5381,2026-09-21,31.1,21.3,0.0,0,10.0,27.0,3
Inezgane,Souss-Massa,30.3658,-9.5381,2026-09-22,32.3,22.0,0.0,0,13.3,39.6,3
Inezgane,Souss-Massa,30.3658,-9.5381,2026-09-23,32.1,22.0,0.0,0,12.8,34.6,3
Inezgane,Souss-Massa,30.3658,-9.5381,2026-09-24,39.2,22.3,0.0,0,14.2,30.6,3
Inezgane,Souss-Massa,30.3658,-9.5381,2026-09-25,31.3,21.1,0.0,0,14.0,28.1,45
Larache,Tanger-Tétouan-Al Hoceïma,35.1833,-6.15,2026-09-19,34.3,18.2,0.0,0,19.6,35.3,1
Larache,Tanger-Tétouan-Al Hoceïma,35.1833,-6.15,2026-09-20,34.2,24.5,0.0,0,15.6,28.4,0
Larache,Tanger-Tétouan-Al Hoceïma,35.1833,-6.15,2026-09-21,32.9,22.4,0.0,0,15.9,29.2,1
Larache,Tanger-Tétouan-Al Hoceïma,35.1833,-6.15,2026-09-22,31.8,19.2,0.0,0,15.5,28.8,2
Larache,Tanger-Tétouan-Al Hoceïma,35.1833,-6.15,2026-09-23,31.1,19.0,0.0,0,14.6,29.2,0
Larache,Tanger-Tétouan-Al Hoceïma,35.1833,-6.15,2026-09-24,30.1,18.4,0.0,0,12.3,23.0,45
Larache,Tanger-Tétouan-Al Hoceïma,35.1833,-6.15,2026-09-25,26.6,18.5,0.0,0,12.6,23.4,45
Al Khmissat,Rabat-Salé-Kénitra,33.81,-6.06,2026-09-19,34.3,18.2,0.0,0,12.1,25.9,2
Al Khmissat,Rabat-Salé-Kénitra,33.81,-6.06,2026-09-20,36.4,20.3,0.0,0,13.6,27.4,1
Al Khmissat,Rabat-Salé-Kénitra,33.81,-6.06,2026-09-21,35.8,20.7,0.0,0,13.8,31.3,2
Al Khmissat,Rabat-Salé-Kénitra,33.81,-6.06,2026-09-22,34.8,19.2,0.0,0,15.5,33.1,0
Al Khmissat,Rabat-Salé-Kénitra,33.81,-6.06,2026-09-23,35.0,19.0,0.0,0,11.2,24.8,0
Al Khmissat,Rabat-Salé-Kénitra,33.81,-6.06,2026-09-24,35.1,16.9,0.0,0,17.0,32.4,1
Al Khmissat,Rabat-Salé-Kénitra,33.81,-6.06,2026-09-25,30.2,17.8,0.0,3,17.4,33.5,3
Guelmim,Guelmim-Oued Noun,28.9833,-10.0667,2026-09-19,30.3,18.5,0.0,0,20.3,36.0,3
Guelmim,Guelmim-Oued Noun,28.9833,-10.0667,2026-09-20,37.6,18.3,0.0,0,21.7,38.2,0
Guelmim,Guelmim-Oued Noun,28.9833,-10.0667,2026-09-21,39.9,23.1,0.0,0,22.2,38.2,1
Guelmim,Guelmim-Oued Noun,28.9833,-10.0667,2026-09-22,38.6,24.2,0.0,0,23.4,40.7,2
Guelmim,Guelmim-Oued Noun,28.9833,-10.0667,2026-09-23,40.1,23.3,0.0,0,23.2,40.7,3
Guelmim,Guelmim-Oued Noun,28.9833,-10.0667,2026-09-24,39.0,24.0,0.0,0,19.8,40.3,0
Guelmim,Guelmim-Oued Noun,28.9833,-10.0667,2026-09-25,34.3,16.9,0.0,4,15.6,33.8,3
Ksar El Kebir,Tanger-Tétouan-Al Hoceïma,35.0,-5.9,2026-09-19,35.5,18.8,0.0,0,10.9,22.3,1
Ksar El Kebir,Tanger-Tétouan-Al Hoceïma,35.0,-5.9,2026-09-20,36.6,22.4,0.0,0,16.3,30.2,0
Ksar El Kebir,Tanger-Tétouan-Al Hoceïma,35.0,-5.9,2026-09-21,36.3,22.4,0.0,0,16.0,29.9,0
Ksar El Kebir,Tanger-Tétouan-Al Hoceïma,35.0,-5.9,2026-09-22,35.4,20.4,0.0,0,13.3,27.4,2
Ksar El Kebir,Tanger-Tétouan-Al Hoceïma,35.0,-5.9,2026-09-23,35.5,19.2,0.0,0,14.8,29.9,0
Ksar El Kebir,Tanger-Tétouan-Al Hoceïma,35.0,-5.9,2026-09-24,34.4,19.3,0.0,0,16.2,31.3,1
Ksar El Kebir,Tanger-Tétouan-Al Hoceïma,35.0,-5.9,2026-09-25,29.7,19.6,0.0,0,14.4,27.7,45
Khénifra,Béni Mellal-Khénifra,32.93,-5.66,2026-09-19,33.3,19.9,0.0,5,15.3,31.7,3
Khénifra,Béni Mellal-Khénifra,32.93,-5.66,2026-09-20,34.6,18.8,0.0,5,18.7,40.7,3
Khénifra,Béni Mellal-Khénifra,32.93,-5.66,2026-09-21,34.6,18.9,0.0,0,20.2,38.2,2
Khénifra,Béni Mellal-Khénifra,32.93,-5.66,2026-09-22,33.2,17.9,0.0,0,15.6,30.2,2
Khénifra,Béni Mellal-Khénifra,32.93,-5.66,2026-09-23,33.3,16.7,0.0,0,11.8,22.7,0
Khénifra,Béni Mellal-Khénifra,32.93,-5.66,2026-09-24,33.7,17.5,0.0,0,16.0,30.2,0
Khénifra,Béni Mellal-Khénifra,32.93,-5.66,2026-09-25,32.9,18.7,0.0,8,17.3,32.8,3
Skhirate,Rabat-Salé-Kénitra,33.85,-7.03,2026-09-19,26.4,16.8,0.0,0,12.2,27.4,2
Skhirate,Rabat-Salé-Kénitra,33.85,-7.03,2026-09-20,28.2,18.8,0.0,0,11.1,26.3,1
Skhirate,Rabat-Salé-Kénitra,33.85,-7.03,2026-09-21,28.3,19.7,0.0,0,12.2,28.1,1
Skhirate,Rabat-Salé-Kénitra,33.85,-7.03,2026-09-22,27.9,19.7,0.0,0,12.1,27.7,1
Skhirate,Rabat-Salé-Kénitra,33.85,-7.03,2026-09-23,26.7,18.9,0.0,0,12.1,28.8,1
Skhirate,Rabat-Salé-Kénitra,33.85,-7.03,2026-09-24,25.2,18.5,0.0,0,10.7,22.7,45
Skhirate,Rabat-Salé-Kénitra,33.85,-7.03,2026-09-25,24.2,20.0,0.0,0,12.0,25.6,45
Beni Yakhlef,Casablanca-Settat,33.6555,-7.3221,2026-09-19,28.5,15.9,0.0,0,16.7,31.3,2
Beni Yakhlef,Casablanca-Settat,33.6555,-7.3221,2026-09-20,32.3,18.1,0.0,0,15.5,29.2,2
Beni Yakhlef,Casablanca-Settat,33.6555,-7.3221,2026-09-21,33.0,19.2,0.0,0,17.3,32.4,2
Beni Yakhlef,Casablanca-Settat,33.6555,-7.3221,2026-09-22,32.3,18.5,0.0,0,16.4,30.6,45
Beni Yakhlef,Casablanca-Settat,33.6555,-7.3221,2026-09-23,31.7,17.0,0.0,0,15.2,28.8,45
Beni Yakhlef,Casablanca-Settat,33.6555,-7.3221,2026-09-24,30.7,16.7,0.0,0,14.7,28.1,45
Beni Yakhlef,Casablanca-Settat,33.6555,-7.3221,2026-09-25,27.0,19.3,0.0,0,15.6,30.6,45
Sidi Yahya Zaer,Rabat-Salé-Kénitra,33.7105,-6.8831,2026-09-19,30.9,16.9,0.0,0,14.8,29.9,2
Sidi Yahya Zaer,Rabat-Salé-Kénitra,33.7105,-6.8831,2026-09-20,35.5,19.7,0.0,0,17.6,35.6,2
Sidi Yahya Zaer,Rabat-Salé-Kénitra,33.7105,-6.8831,2026-09-21,34.9,20.5,0.0,0,17.5,35.6,1
Sidi Yahya Zaer,Rabat-Salé-Kénitra,33.7105,-6.8831,2026-09-22,34.3,19.9,0.0,0,17.2,34.6,0
Sidi Yahya Zaer,Rabat-Salé-Kénitra,33.7105,-6.8831,2026-09-23,34.2,18.1,0.0,0,15.6,33.1,0
Sidi Yahya Zaer,Rabat-Salé-Kénitra,33.7105,-6.8831,2026-09-24,31.6,17.0,0.0,0,15.1,30.6,3
Sidi Yahya Zaer,Rabat-Salé-Kénitra,33.7105,-6.8831,2026-09-25,27.2,15.6,0.0,0,16.3,32.0,45
Ben Guerir,Marrakech-Safi,32.23,-7.95,2026-09-19,34.4,19.7,0.0,0,16.3,32.8,2
Ben Guerir,Marrakech-Safi,32.23,-7.95,2026-09-20,36.3,23.8,0.0,8,18.5,38.5,2
Ben Guerir,Marrakech-Safi,32.23,-7.95,2026-09-21,37.0,23.7,0.0,0,18.4,36.7,3
Ben Guerir,Marrakech-Safi,32.23,-7.95,2026-09-22,36.9,22.1,0.0,0,18.1,36.0,0
Ben Guerir,Marrakech-Safi,32.23,-7.95,2026-09-23,36.8,21.3,0.0,0,13.9,27.4,3
Ben Guerir,Marrakech-Safi,32.23,-7.95,2026-09-24,36.5,21.6,0.0,0,20.1,35.6,3
Ben Guerir,Marrakech-Safi,32.23,-7.95,2026-09-25,32.2,20.2,0.0,0,19.3,34.9,3
Ait Ali,Souss-Massa,30.1739,-9.4881,2026-09-19,26.1,19.7,0.0,0,20.5,33.8,2
Ait Ali,Souss-Massa,30.1739,-9.4881,2026-09-20,27.6,19.8,0.0,0,19.0,31.3,2
Ait Ali,Souss-Massa,30.1739,-9.4881,2026-09-21,37.5,22.0,0.0,0,18.6,31.0,3
Ait Ali,Souss-Massa,30.1739,-9.4881,2026-09-22,36.3,22.7,0.0,0,21.3,38.5,3
Ait Ali,Souss-Massa,30.1739,-9.4881,2026-09-23,35.0,23.6,0.0,0,20.9,38.9,3
Ait Ali,Souss-Massa,30.1739,-9.4881,2026-09-24,36.6,23.5,0.0,0,20.0,35.6,3
Ait Ali,Souss-Massa,30.1739,-9.4881,2026-09-25,26.8,21.1,0.0,0,18.2,31.7,3
My Drarga,Souss-Massa,30.3805,-9.4763,2026-09-19,25.9,20.1,0.0,0,17.4,37.8,45
My Drarga,Souss-Massa,30.3805,-9.4763,2026-09-20,27.5,19.8,0.0,0,14.8,32.4,45
My Drarga,Souss-Massa,30.3805,-9.4763,2026-09-21,34.3,21.9,0.0,0,11.4,24.8,3
My Drarga,Souss-Massa,30.3805,-9.4763,2026-09-22,35.5,22.8,0.0,0,17.7,41.0,3
My Drarga,Souss-Massa,30.3805,-9.4763,2026-09-23,35.3,23.5,0.0,0,15.9,34.6,3
My Drarga,Souss-Massa,30.3805,-9.4763,2026-09-24,39.0,22.7,0.0,0,14.2,30.6,3
My Drarga,Souss-Massa,30.3805,-9.4763,2026-09-25,31.1,21.0,0.0,0,14.0,28.1,45
Lqoliaa,Souss-Massa,30.2942,-9.4544,2026-09-19,26.4,19.6,0.0,0,21.4,46.1,45
Lqoliaa,Souss-Massa,30.2942,-9.4544,2026-09-20,28.0,19.5,0.0,0,20.2,42.5,45
Lqoliaa,Souss-Massa,30.2942,-9.4544,2026-09-21,38.0,20.9,0.0,0,14.8,32.8,3
Lqoliaa,Souss-Massa,30.2942,-9.4544,2026-09-22,37.9,21.7,0.0,0,19.6,43.6,3
Lqoliaa,Souss-Massa,30.2942,-9.4544,2026-09-23,38.9,22.5,0.0,0,19.1,44.6,3
Lqoliaa,Souss-Massa,30.2942,-9.4544,2026-09-24,37.0,21.9,0.0,0,17.2,38.9,3
Lqoliaa,Souss-Massa,30.2942,-9.4544,2026-09-25,26.8,20.1,0.0,0,17.4,38.2,45
El Kelaa des Srarhna,Marrakech-Safi,32.05,-7.4,2026-09-19,35.7,20.6,0.0,5,16.9,29.5,2
El Kelaa des Srarhna,Marrakech-Safi,32.05,-7.4,2026-09-20,37.0,23.4,0.2,13,15.5,27.4,3
El Kelaa des Srarhna,Marrakech-Safi,32.05,-7.4,2026-09-21,37.2,22.4,0.0,0,14.5,25.2,2
El Kelaa des Srarhna,Marrakech-Safi,32.05,-7.4,2026-09-22,37.0,21.4,0.0,0,17.1,29.9,1
El Kelaa des Srarhna,Marrakech-Safi,32.05,-7.4,2026-09-23,36.9,20.1,0.0,0,11.6,22.7,3
El Kelaa des Srarhna,Marrakech-Safi,32.05,-7.4,2026-09-24,36.7,19.2,0.0,3,14.7,26.6,3
El Kelaa des Srarhna,Marrakech-Safi,32.05,-7.4,2026-09-25,33.5,20.6,0.0,3,15.3,25.2,3
Moulay Abdallah,Casablanca-Settat,33.1978,-8.5883,2026-09-19,26.7,20.0,0.0,0,18.2,28.4,2
Moulay Abdallah,Casablanca-Settat,33.1978,-8.5883,2026-09-20,28.0,20.3,0.0,0,12.5,19.4,45
Moulay Abdallah,Casablanca-Settat,33.1978,-8.5883,2026-09-21,28.9,20.9,0.0,0,14.4,22.3,45
Moulay Abdallah,Casablanca-Settat,33.1978,-8.5883,2026-09-22,27.4,20.2,0.0,0,13.0,20.2,45
Moulay Abdallah,Casablanca-Settat,33.1978,-8.5883,2026-09-23,28.1,19.7,0.0,0,14.8,23.4,45
Moulay Abdallah,Casablanca-Settat,33.1978,-8.5883,2026-09-24,26.1,19.4,0.0,0,12.5,24.5,3
Moulay Abdallah,Casablanca-Settat,33.1978,-8.5883,2026-09-25,25.3,19.6,0.0,0,11.5,23.4,45
Tiflet,Rabat-Salé-Kénitra,33.9,-6.33,2026-09-19,34.0,18.2,0.0,0,16.2,33.8,2
Tiflet,Rabat-Salé-Kénitra,33.9,-6.33,2026-09-20,36.5,20.4,0.0,0,15.6,31.7,1
Tiflet,Rabat-Salé-Kénitra,33.9,-6.33,2026-09-21,35.7,21.0,0.0,0,14.9,31.3,1
Tiflet,Rabat-Salé-Kénitra,33.9,-6.33,2026-09-22,34.6,20.2,0.0,0,14.9,31.7,0
Tiflet,Rabat-Salé-Kénitra,33.9,-6.33,2026-09-23,35.1,20.7,0.0,0,13.1,31.7,0
Tiflet,Rabat-Salé-Kénitra,33.9,-6.33,2026-09-24,34.6,19.2,0.0,0,16.1,33.8,2
Tiflet,Rabat-Salé-Kénitra,33.9,-6.33,2026-09-25,29.9,17.5,0.0,3,15.8,33.5,3
Oulad Teïma,Souss-Massa,30.4,-9.21,2026-09-19,29.3,19.1,0.0,0,26.1,47.9,2
Oulad Teïma,Souss-Massa,30.4,-9.21,2026-09-20,31.5,19.2,0.0,0,22.3,41.8,45
Oulad Teïma,Souss-Massa,30.4,-9.21,2026-09-21,41.0,20.9,0.0,0,19.8,36.7,3
Oulad Teïma,Souss-Massa,30.4,-9.21,2026-09-22,39.6,21.4,0.0,0,31.0,58.3,3
Oulad Teïma,Souss-Massa,30.4,-9.21,2026-09-23,40.7,21.7,0.0,0,27.4,49.7,3
Oulad Teïma,Souss-Massa,30.4,-9.21,2026-09-24,39.0,22.7,0.0,0,26.4,43.6,3
Oulad Teïma,Souss-Massa,30.4,-9.21,2026-09-25,29.4,19.8,0.0,0,28.3,48.6,45
Berkane,Oriental,34.9167,-2.3167,2026-09-19,27.2,20.2,0.0,13,19.3,40.0,45
Berkane,Oriental,34.9167,-2.3167,2026-09-20,28.0,21.2,0.0,3,18.7,38.5,45
Berkane,Oriental,34.9167,-2.3167,2026-09-21,27.1,20.2,0.0,13,20.6,42.1,45
Berkane,Oriental,34.9167,-2.3167,2026-09-22,27.4,17.3,0.0,0,16.4,38.5,2
Berkane,Oriental,34.9167,-2.3167,2026-09-23,27.5,17.5,0.0,0,14.5,32.0,2
Berkane,Oriental,34.9167,-2.3167,2026-09-24,30.1,18.2,0.0,0,14.0,27.0,1
Berkane,Oriental,34.9167,-2.3167,2026-09-25,30.6,20.6,0.0,0,12.0,24.1,3
Ain El Aouda,Rabat-Salé-Kénitra,33.8111,-6.7922,2026-09-19,31.0,15.8,0.0,0,14.5,29.2,2
Ain El Aouda,Rabat-Salé-Kénitra,33.8111,-6.7922,2026-09-20,35.6,18.0,0.0,0,16.0,31.7,2
Ain El Aouda,Rabat-Salé-Kénitra,33.8111,-6.7922,2026-09-21,34.7,19.4,0.0,0,15.2,30.2,1
Ain El Aouda,Rabat-Salé-Kénitra,33.8111,-6.7922,2026-09-22,34.0,19.2,0.0,0,15.4,31.0,0
Ain El Aouda,Rabat-Salé-Kénitra,33.8111,-6.7922,2026-09-23,33.7,17.0,0.0,0,14.2,29.5,0
Ain El Aouda,Rabat-Salé-Kénitra,33.8111,-6.7922,2026-09-24,32.5,16.9,0.0,0,15.6,30.2,3
Ain El Aouda,Rabat-Salé-Kénitra,33.8111,-6.7922,2026-09-25,28.7,16.5,0.0,3,15.3,30.2,45
Errachidia,Drâa-Tafilalet,31.9319,-4.4244,2026-09-19,29.5,18.7,6.4,65,16.2,33.1,95
Errachidia,Drâa-Tafilalet,31.9319,-4.4244,2026-09-20,28.4,17.4,0.0,23,12.0,25.2,3
Errachidia,Drâa-Tafilalet,31.9319,-4.4244,2026-09-21,31.1,18.9,0.1,14,8.2,25.9,80
Errachidia,Drâa-Tafilalet,31.9319,-4.4244,2026-09-22,29.4,17.7,0.0,2,10.1,18.7,2
Errachidia,Drâa-Tafilalet,31.9319,-4.4244,2026-09-23,29.2,17.0,0.0,3,9.7,22.3,2
Errachidia,Drâa-Tafilalet,31.9319,-4.4244,2026-09-24,30.3,17.9,0.0,0,12.5,23.4,2
Errachidia,Drâa-Tafilalet,31.9319,-4.4244,2026-09-25,30.1,18.3,0.3,18,21.1,35.3,3
Al Fqih Ben Çalah,Béni Mellal-Khénifra,32.507,-6.6886,2026-09-19,36.9,20.1,0.0,0,14.5,28.1,2
Al Fqih Ben Çalah,Béni Mellal-Khénifra,32.507,-6.6886,2026-09-20,38.4,22.3,0.0,8,20.5,41.8,3
Al Fqih Ben Çalah,Béni Mellal-Khénifra,32.507,-6.6886,2026-09-21,37.8,20.8,0.0,0,15.3,29.9,2
Al Fqih Ben Çalah,Béni Mellal-Khénifra,32.507,-6.6886,2026-09-22,37.1,19.1,0.0,0,13.3,27.4,2
Al Fqih Ben Çalah,Béni Mellal-Khénifra,32.507,-6.6886,2026-09-23,37.3,18.3,0.0,0,11.6,23.4,0
Al Fqih Ben Çalah,Béni Mellal-Khénifra,32.507,-6.6886,2026-09-24,37.5,18.0,0.0,0,13.7,24.8,1
Al Fqih Ben Çalah,Béni Mellal-Khénifra,32.507,-6.6886,2026-09-25,35.2,18.9,0.0,3,11.6,20.5,3
Ad Darwa,Casablanca-Settat,33.4167,-7.5333,2026-09-19,30.3,17.6,0.0,0,15.1,30.2,45
Ad Darwa,Casablanca-Settat,33.4167,-7.5333,2026-09-20,35.1,18.9,0.0,0,15.2,31.0,1
Ad Darwa,Casablanca-Settat,33.4167,-7.5333,2026-09-21,35.3,19.5,0.0,0,16.1,31.7,2
Ad Darwa,Casablanca-Settat,33.4167,-7.5333,2026-09-22,34.3,19.1,0.0,0,15.3,30.2,0
Ad Darwa,Casablanca-Settat,33.4167,-7.5333,2026-09-23,34.1,17.3,0.0,0,14.1,28.1,45
Ad Darwa,Casablanca-Settat,33.4167,-7.5333,2026-09-24,34.1,16.5,0.0,0,17.3,34.2,45
Ad Darwa,Casablanca-Settat,33.4167,-7.5333,2026-09-25,29.2,19.1,0.0,3,15.5,32.0,45
Martil,Tanger-Tétouan-Al Hoceïma,35.61,-5.27,2026-09-19,24.7,22.0,3.9,40,28.4,60.5,80
Martil,Tanger-Tétouan-Al Hoceïma,35.61,-5.27,2026-09-20,24.6,22.7,2.2,45,23.5,51.5,80
Martil,Tanger-Tétouan-Al Hoceïma,35.61,-5.27,2026-09-21,25.6,21.8,0.0,8,23.6,51.8,2
Martil,Tanger-Tétouan-Al Hoceïma,35.61,-5.27,2026-09-22,25.0,21.4,0.0,0,18.8,40.0,2
Martil,Tanger-Tétouan-Al Hoceïma,35.61,-5.27,2026-09-23,24.9,20.6,0.0,0,14.8,33.5,2
Martil,Tanger-Tétouan-Al Hoceïma,35.61,-5.27,2026-09-24,25.3,20.3,0.0,0,13.6,24.1,45
Martil,Tanger-Tétouan-Al Hoceïma,35.61,-5.27,2026-09-25,29.4,20.0,0.0,0,8.3,14.4,45
Sidi Slimane,Rabat-Salé-Kénitra,34.26,-5.93,2026-09-19,37.0,19.2,0.0,0,14.2,27.4,1
Sidi Slimane,Rabat-Salé-Kénitra,34.26,-5.93,2026-09-20,38.5,23.0,0.0,0,15.5,33.1,0
Sidi Slimane,Rabat-Salé-Kénitra,34.26,-5.93,2026-09-21,38.1,22.3,0.0,0,13.1,27.4,1
Sidi Slimane,Rabat-Salé-Kénitra,34.26,-5.93,2026-09-22,37.0,21.8,0.0,0,14.6,26.3,0
Sidi Slimane,Rabat-Salé-Kénitra,34.26,-5.93,2026-09-23,37.2,18.6,0.0,0,13.5,33.5,0
Sidi Slimane,Rabat-Salé-Kénitra,34.26,-5.93,2026-09-24,35.3,17.7,0.0,0,17.1,32.4,2
Sidi Slimane,Rabat-Salé-Kénitra,34.26,-5.93,2026-09-25,30.5,19.8,0.0,3,17.1,31.7,45
Oued Zem,Béni Mellal-Khénifra,32.8619,-6.5711,2026-09-19,33.9,19.6,0.0,0,18.0,40.0,2
Oued Zem,Béni Mellal-Khénifra,32.8619,-6.5711,2026-09-20,35.2,21.8,0.0,8,19.9,46.4,3
Oued Zem,Béni Mellal-Khénifra,32.8619,-6.5711,2026-09-21,34.3,21.7,0.0,3,19.9,40.3,3
Oued Zem,Béni Mellal-Khénifra,32.8619,-6.5711,2026-09-22,33.9,22.3,0.0,0,14.2,32.0,2
Oued Zem,Béni Mellal-Khénifra,32.8619,-6.5711,2026-09-23,34.3,18.6,0.0,0,13.6,30.6,0
Oued Zem,Béni Mellal-Khénifra,32.8619,-6.5711,2026-09-24,33.5,19.7,0.0,0,12.7,27.0,2
Oued Zem,Béni Mellal-Khénifra,32.8619,-6.5711,2026-09-25,31.6,18.4,0.0,0,16.5,34.2,3
Sefrou,Fès-Meknès,33.83,-4.83,2026-09-19,30.5,20.0,0.4,13,17.9,42.1,2
Sefrou,Fès-Meknès,33.83,-4.83,2026-09-20,31.6,20.7,0.0,0,16.9,37.8,1
Sefrou,Fès-Meknès,33.83,-4.83,2026-09-21,31.2,20.4,0.0,0,17.1,36.7,1
Sefrou,Fès-Meknès,33.83,-4.83,2026-09-22,30.0,19.6,0.0,0,17.7,38.5,0
Sefrou,Fès-Meknès,33.83,-4.83,2026-09-23,31.0,19.9,0.0,0,15.5,34.2,0
Sefrou,Fès-Meknès,33.83,-4.83,2026-09-24,33.1,19.1,0.0,0,15.8,31.7,2
Sefrou,Fès-Meknès,33.83,-4.83,2026-09-25,31.2,16.8,0.0,0,18.9,36.4,3
Taroudannt,Souss-Massa,30.4711,-8.8778,2026-09-19,32.0,20.9,0.0,0,23.1,45.7,2
Taroudannt,Souss-Massa,30.4711,-8.8778,2026-09-20,34.3,21.2,0.0,0,21.3,41.4,2
Taroudannt,Souss-Massa,30.4711,-8.8778,2026-09-21,40.0,22.2,0.0,0,27.1,52.9,3
Taroudannt,Souss-Massa,30.4711,-8.8778,2026-09-22,39.6,22.7,0.0,0,30.0,64.4,1
Taroudannt,Souss-Massa,30.4711,-8.8778,2026-09-23,41.5,23.0,0.0,0,22.4,52.2,3
Taroudannt,Souss-Massa,30.4711,-8.8778,2026-09-24,40.5,21.8,0.0,0,26.4,49.3,3
Taroudannt,Souss-Massa,30.4711,-8.8778,2026-09-25,34.1,20.3,0.0,3,28.7,50.8,3
Essaouira,Marrakech-Safi,31.513,-9.7687,2026-09-19,24.3,18.5,0.0,0,20.5,38.9,2
Essaouira,Marrakech-Safi,31.513,-9.7687,2026-09-20,25.0,19.2,0.0,0,12.8,25.6,2
Essaouira,Marrakech-Safi,31.513,-9.7687,2026-09-21,26.1,19.2,0.0,0,10.1,19.4,3
Essaouira,Marrakech-Safi,31.513,-9.7687,2026-09-22,24.0,18.7,0.0,0,12.3,24.1,3
Essaouira,Marrakech-Safi,31.513,-9.7687,2026-09-23,25.4,18.8,0.0,0,14.6,28.4,3
Essaouira,Marrakech-Safi,31.513,-9.7687,2026-09-24,28.6,20.1,0.0,0,10.0,20.2,3
Essaouira,Marrakech-Safi,31.513,-9.7687,2026-09-25,26.6,19.7,0.0,0,15.3,30.6,3
Azrou,Fès-Meknès,33.4344,-5.2213,2026-09-19,27.8,19.0,0.4,38,14.8,38.2,3
Azrou,Fès-Meknès,33.4344,-5.2213,2026-09-20,28.8,18.2,0.0,3,19.8,45.4,3
Azrou,Fès-Meknès,33.4344,-5.2213,2026-09-21,28.4,16.7,0.0,0,19.5,42.8,1
Azrou,Fès-Meknès,33.4344,-5.2213,2026-09-22,27.4,15.1,0.0,0,16.1,39.6,1
Azrou,Fès-Meknès,33.4344,-5.2213,2026-09-23,28.2,15.4,0.0,0,10.5,25.6,0
Azrou,Fès-Meknès,33.4344,-5.2213,2026-09-24,28.8,17.9,0.0,0,15.5,36.7,2
Azrou,Fès-Meknès,33.4344,-5.2213,2026-09-25,28.4,18.2,0.0,5,15.1,40.7,3
Guercif,Oriental,34.23,-3.36,2026-09-19,30.8,20.9,1.4,23,28.9,58.7,80
Guercif,Oriental,34.23,-3.36,2026-09-20,31.8,21.1,0.0,0,27.7,52.9,2
Guercif,Oriental,34.23,-3.36,2026-09-21,29.7,20.8,0.0,0,27.9,52.2,3
Guercif,Oriental,34.23,-3.36,2026-09-22,30.9,17.2,0.0,0,21.9,48.6,45
Guercif,Oriental,34.23,-3.36,2026-09-23,32.6,16.9,0.0,0,21.7,43.9,0
Guercif,Oriental,34.23,-3.36,2026-09-24,35.5,18.0,0.0,0,20.6,33.5,0
Guercif,Oriental,34.23,-3.36,2026-09-25,36.5,20.2,0.0,0,23.9,42.1,3
Warzat,Drâa-Tafilalet,30.9167,-6.9167,2026-09-19,30.8,19.1,0.0,30,30.9,53.6,3
Warzat,Drâa-Tafilalet,30.9167,-6.9167,2026-09-20,30.7,18.9,1.1,28,32.5,57.6,80
Warzat,Drâa-Tafilalet,30.9167,-6.9167,2026-09-21,31.9,18.4,0.3,5,25.6,44.3,80
Warzat,Drâa-Tafilalet,30.9167,-6.9167,2026-09-22,32.9,16.6,0.0,0,33.4,59.8,0
Warzat,Drâa-Tafilalet,30.9167,-6.9167,2026-09-23,33.0,15.4,0.0,0,21.9,46.4,2
Warzat,Drâa-Tafilalet,30.9167,-6.9167,2026-09-24,32.9,16.6,0.0,0,12.7,20.9,3
Warzat,Drâa-Tafilalet,30.9167,-6.9167,2026-09-25,29.4,18.0,3.9,14,10.2,26.6,80
Fnidq,Tanger-Tétouan-Al Hoceïma,35.8414,-5.3587,2026-09-19,24.8,21.3,2.5,40,26.1,48.6,80
Fnidq,Tanger-Tétouan-Al Hoceïma,35.8414,-5.3587,2026-09-20,24.4,22.0,1.8,45,21.9,45.0,80
Fnidq,Tanger-Tétouan-Al Hoceïma,35.8414,-5.3587,2026-09-21,25.3,21.3,0.0,8,19.1,36.4,2
Fnidq,Tanger-Tétouan-Al Hoceïma,35.8414,-5.3587,2026-09-22,24.9,20.8,0.0,0,19.3,36.7,2
Fnidq,Tanger-Tétouan-Al Hoceïma,35.8414,-5.3587,2026-09-23,24.4,20.3,0.0,0,14.7,30.2,2
Fnidq,Tanger-Tétouan-Al Hoceïma,35.8414,-5.3587,2026-09-24,25.2,20.2,0.0,0,13.6,24.1,45
Fnidq,Tanger-Tétouan-Al Hoceïma,35.8414,-5.3587,2026-09-25,29.4,19.9,0.0,0,8.3,14.4,45
Tan-Tan,Guelmim-Oued Noun,28.4333,-11.1,2026-09-19,26.9,19.4,0.0,0,20.3,38.9,3
Tan-Tan,Guelmim-Oued Noun,28.4333,-11.1,2026-09-20,31.4,18.5,0.0,0,18.1,34.9,3
Tan-Tan,Guelmim-Oued Noun,28.4333,-11.1,2026-09-21,38.1,18.5,0.0,0,24.8,45.4,1
Tan-Tan,Guelmim-Oued Noun,28.4333,-11.1,2026-09-22,33.5,18.7,0.0,0,21.7,39.6,3
Tan-Tan,Guelmim-Oued Noun,28.4333,-11.1,2026-09-23,35.4,25.2,0.0,0,19.6,37.8,3
Tan-Tan,Guelmim-Oued Noun,28.4333,-11.1,2026-09-24,38.2,22.3,0.0,0,21.6,42.1,1
Tan-Tan,Guelmim-Oued Noun,28.4333,-11.1,2026-09-25,31.3,18.8,0.0,2,16.2,38.5,3
Sidi Qacem,Rabat-Salé-Kénitra,34.21,-5.7,2026-09-19,36.4,20.9,0.0,0,21.1,43.2,1
Sidi Qacem,Rabat-Salé-Kénitra,34.21,-5.7,2026-09-20,37.7,24.7,0.0,0,15.9,38.5,0
Sidi Qacem,Rabat-Salé-Kénitra,34.21,-5.7,2026-09-21,37.4,23.6,0.0,0,11.3,25.9,1
Sidi Qacem,Rabat-Salé-Kénitra,34.21,-5.7,2026-09-22,36.3,22.8,0.0,0,9.3,20.9,2
Sidi Qacem,Rabat-Salé-Kénitra,34.21,-5.7,2026-09-23,36.7,19.4,0.0,0,11.1,24.8,0
Sidi Qacem,Rabat-Salé-Kénitra,34.21,-5.7,2026-09-24,36.4,19.4,0.0,0,15.4,35.3,1
Sidi Qacem,Rabat-Salé-Kénitra,34.21,-5.7,2026-09-25,31.4,18.8,0.0,3,16.3,33.8,45
M’diq,Tanger-Tétouan-Al Hoceïma,35.68,-5.32,2026-09-19,24.6,21.9,3.9,0,28.4,60.5,80
M’diq,Tanger-Tétouan-Al Hoceïma,35.68,-5.32,2026-09-20,24.5,22.5,2.2,0,23.5,51.5,80
M’diq,Tanger-Tétouan-Al Hoceïma,35.68,-5.32,2026-09-21,25.5,21.6,0.0,0,23.6,51.8,2
M’diq,Tanger-Tétouan-Al Hoceïma,35.68,-5.32,2026-09-22,24.8,21.2,0.0,0,18.8,40.0,2
M’diq,Tanger-Tétouan-Al Hoceïma,35.68,-5.32,2026-09-23,24.7,20.4,0.0,0,14.8,33.5,2
M’diq,Tanger-Tétouan-Al Hoceïma,35.68,-5.32,2026-09-24,27.5,20.5,0.0,0,16.5,40.0,45
M’diq,Tanger-Tétouan-Al Hoceïma,35.68,-5.32,2026-09-25,30.4,19.9,0.0,0,9.4,19.8,45
Youssoufia,Marrakech-Safi,32.25,-8.53,2026-09-19,33.8,17.4,0.0,0,16.2,34.6,2
Youssoufia,Marrakech-Safi,32.25,-8.53,2026-09-20,35.5,22.6,0.0,3,18.8,39.2,2
Youssoufia,Marrakech-Safi,32.25,-8.53,2026-09-21,37.6,22.6,0.0,0,17.7,36.7,3
Youssoufia,Marrakech-Safi,32.25,-8.53,2026-09-22,37.5,21.1,0.0,0,18.1,40.7,0
Youssoufia,Marrakech-Safi,32.25,-8.53,2026-09-23,37.9,19.9,0.0,0,16.1,34.9,3
Youssoufia,Marrakech-Safi,32.25,-8.53,2026-09-24,35.9,19.8,0.0,0,19.6,36.7,3
Youssoufia,Marrakech-Safi,32.25,-8.53,2026-09-25,30.7,19.7,0.0,3,20.6,37.8,3
Midalt,Drâa-Tafilalet,32.68,-4.74,2026-09-19,26.9,13.3,0.6,58,23.1,41.4,80
Midalt,Drâa-Tafilalet,32.68,-4.74,2026-09-20,29.2,13.7,0.0,25,24.0,45.0,3
Midalt,Drâa-Tafilalet,32.68,-4.74,2026-09-21,28.7,14.5,0.0,3,24.3,43.2,3
Midalt,Drâa-Tafilalet,32.68,-4.74,2026-09-22,28.0,14.4,0.0,1,23.2,40.0,3
Midalt,Drâa-Tafilalet,32.68,-4.74,2026-09-23,28.6,13.3,0.0,0,19.4,36.0,1
Midalt,Drâa-Tafilalet,32.68,-4.74,2026-09-24,29.4,12.6,0.0,0,23.6,38.2,1
Midalt,Drâa-Tafilalet,32.68,-4.74,2026-09-25,29.3,12.2,0.6,5,11.2,20.5,3
Aïn Harrouda,Casablanca-Settat,33.6372,-7.4483,2026-09-19,27.1,17.3,0.0,0,12.2,33.1,45
Aïn Harrouda,Casablanca-Settat,33.6372,-7.4483,2026-09-20,30.3,18.8,0.0,0,10.8,29.9,1
Aïn Harrouda,Casablanca-Settat,33.6372,-7.4483,2026-09-21,31.1,19.6,0.0,0,12.2,33.5,2
Aïn Harrouda,Casablanca-Settat,33.6372,-7.4483,2026-09-22,30.0,19.3,0.0,0,11.4,30.6,45
Aïn Harrouda,Casablanca-Settat,33.6372,-7.4483,2026-09-23,29.1,18.3,0.0,0,10.5,29.9,45
Aïn Harrouda,Casablanca-Settat,33.6372,-7.4483,2026-09-24,28.2,17.4,0.0,0,11.8,27.4,45
Aïn Harrouda,Casablanca-Settat,33.6372,-7.4483,2026-09-25,26.0,20.0,0.0,0,12.3,30.6,45
Souq Sebt Oulad Nemma,Béni Mellal-Khénifra,32.3,-6.7,2026-09-19,37.3,20.8,0.0,0,14.3,25.6,2
Souq Sebt Oulad Nemma,Béni Mellal-Khénifra,32.3,-6.7,2026-09-20,38.7,22.7,0.0,5,18.9,32.0,3
Souq Sebt Oulad Nemma,Béni Mellal-Khénifra,32.3,-6.7,2026-09-21,38.0,22.1,0.0,0,13.9,24.5,2
Souq Sebt Oulad Nemma,Béni Mellal-Khénifra,32.3,-6.7,2026-09-22,37.7,21.9,0.0,0,12.5,23.4,2
Souq Sebt Oulad Nemma,Béni Mellal-Khénifra,32.3,-6.7,2026-09-23,37.7,20.1,0.0,0,10.8,20.5,0
Souq Sebt Oulad Nemma,Béni Mellal-Khénifra,32.3,-6.7,2026-09-24,37.7,18.5,0.0,0,13.4,24.1,1
Souq Sebt Oulad Nemma,Béni Mellal-Khénifra,32.3,-6.7,2026-09-25,35.4,20.6,0.0,3,11.9,22.0,3
Mehdya,Rabat-Salé-Kénitra,34.2557,-6.6745,2026-09-19,31.1,18.0,0.0,0,14.0,32.0,1
Mehdya,Rabat-Salé-Kénitra,34.2557,-6.6745,2026-09-20,35.3,20.0,0.0,0,12.6,29.9,1
Mehdya,Rabat-Salé-Kénitra,34.2557,-6.6745,2026-09-21,33.4,20.5,0.0,0,12.0,28.4,1
Mehdya,Rabat-Salé-Kénitra,34.2557,-6.6745,2026-09-22,30.4,19.9,0.0,0,12.1,27.4,0
Mehdya,Rabat-Salé-Kénitra,34.2557,-6.6745,2026-09-23,30.3,19.0,0.0,0,11.8,28.1,45
Mehdya,Rabat-Salé-Kénitra,34.2557,-6.6745,2026-09-24,28.1,18.0,0.0,0,10.9,26.3,45
Mehdya,Rabat-Salé-Kénitra,34.2557,-6.6745,2026-09-25,25.9,20.1,0.0,0,10.7,26.3,45
Ouezzane,Tanger-Tétouan-Al Hoceïma,34.8,-5.6,2026-09-19,35.3,17.7,0.0,0,16.6,35.3,1
Ouezzane,Tanger-Tétouan-Al Hoceïma,34.8,-5.6,2026-09-20,36.1,20.8,0.0,0,13.0,25.9,2
Ouezzane,Tanger-Tétouan-Al Hoceïma,34.8,-5.6,2026-09-21,35.6,20.3,0.0,0,13.0,25.6,1
Ouezzane,Tanger-Tétouan-Al Hoceïma,34.8,-5.6,2026-09-22,35.1,18.5,0.0,0,10.7,20.5,1
Ouezzane,Tanger-Tétouan-Al Hoceïma,34.8,-5.6,2026-09-23,35.2,18.2,0.0,0,13.0,25.2,0
Ouezzane,Tanger-Tétouan-Al Hoceïma,34.8,-5.6,2026-09-24,35.8,18.3,0.0,0,12.9,31.7,1
Ouezzane,Tanger-Tétouan-Al Hoceïma,34.8,-5.6,2026-09-25,31.3,17.7,0.0,3,15.3,32.0,45
Semara,Laâyoune-Sakia El Hamra,26.7394,-11.6703,2026-09-19,32.0,19.7,0.0,0,15.3,28.4,3
Semara,Laâyoune-Sakia El Hamra,26.7394,-11.6703,2026-09-20,37.8,18.9,0.0,0,20.8,36.7,3
Semara,Laâyoune-Sakia El Hamra,26.7394,-11.6703,2026-09-21,41.2,24.0,0.0,14,22.0,36.4,1
Semara,Laâyoune-Sakia El Hamra,26.7394,-11.6703,2026-09-22,41.4,24.8,0.0,4,22.6,45.4,1
Semara,Laâyoune-Sakia El Hamra,26.7394,-11.6703,2026-09-23,42.0,25.9,0.0,1,24.3,41.0,2
Semara,Laâyoune-Sakia El Hamra,26.7394,-11.6703,2026-09-24,41.6,27.1,0.0,0,28.9,50.4,3
Semara,Laâyoune-Sakia El Hamra,26.7394,-11.6703,2026-09-25,40.1,24.9,0.0,2,26.6,47.9,3
Ait Ourir,Marrakech-Safi,31.5644,-7.6628,2026-09-19,34.4,19.9,0.3,18,11.7,38.9,80
Ait Ourir,Marrakech-Safi,31.5644,-7.6628,2026-09-20,35.5,23.4,0.0,23,12.8,27.0,3
Ait Ourir,Marrakech-Safi,31.5644,-7.6628,2026-09-21,35.7,22.9,0.0,3,17.2,33.8,3
Ait Ourir,Marrakech-Safi,31.5644,-7.6628,2026-09-22,35.9,22.1,0.0,1,16.0,29.9,2
Ait Ourir,Marrakech-Safi,31.5644,-7.6628,2026-09-23,35.9,20.7,0.0,2,12.3,26.3,3
Ait Ourir,Marrakech-Safi,31.5644,-7.6628,2026-09-24,35.7,20.0,0.0,3,14.3,27.7,1
Ait Ourir,Marrakech-Safi,31.5644,-7.6628,2026-09-25,32.9,19.7,0.0,5,11.6,23.0,3
Oulad Tayeb,Fès-Meknès,33.9598,-4.9954,2026-09-19,33.4,19.7,0.0,5,17.9,34.9,2
Oulad Tayeb,Fès-Meknès,33.9598,-4.9954,2026-09-20,34.9,20.3,0.0,0,15.0,29.5,1
Oulad Tayeb,Fès-Meknès,33.9598,-4.9954,2026-09-21,34.5,20.4,0.0,0,13.8,27.4,2
Oulad Tayeb,Fès-Meknès,33.9598,-4.9954,2026-09-22,33.3,19.5,0.0,0,11.9,24.5,0
Oulad Tayeb,Fès-Meknès,33.9598,-4.9954,2026-09-23,34.2,19.0,0.0,0,12.7,27.0,0
Oulad Tayeb,Fès-Meknès,33.9598,-4.9954,2026-09-24,35.2,19.7,0.0,0,13.7,33.5,2
Oulad Tayeb,Fès-Meknès,33.9598,-4.9954,2026-09-25,32.7,19.2,0.0,0,16.3,40.3,3
Tit Mellil,Casablanca-Settat,33.5533,-7.4822,2026-09-19,27.5,17.4,0.0,0,12.6,34.6,45
Tit Mellil,Casablanca-Settat,33.5533,-7.4822,2026-09-20,31.4,18.7,0.0,0,11.4,31.7,1
Tit Mellil,Casablanca-Settat,33.5533,-7.4822,2026-09-21,31.7,19.6,0.0,0,12.5,34.6,2
Tit Mellil,Casablanca-Settat,33.5533,-7.4822,2026-09-22,30.8,19.3,0.0,0,11.8,32.4,45
Tit Mellil,Casablanca-Settat,33.5533,-7.4822,2026-09-23,30.4,17.8,0.0,0,11.2,31.3,45
Tit Mellil,Casablanca-Settat,33.5533,-7.4822,2026-09-24,28.7,17.3,0.0,0,11.3,30.2,45
Tit Mellil,Casablanca-Settat,33.5533,-7.4822,2026-09-25,25.9,19.4,0.0,3,12.0,33.1,45
Sidi Bennour,Casablanca-Settat,32.655,-8.4292,2026-09-19,33.2,16.6,0.0,0,19.4,33.8,3
Sidi Bennour,Casablanca-Settat,32.655,-8.4292,2026-09-20,35.2,19.1,0.0,0,18.5,32.4,2
Sidi Bennour,Casablanca-Settat,32.655,-8.4292,2026-09-21,38.0,19.4,0.0,0,18.9,34.6,3
Sidi Bennour,Casablanca-Settat,32.655,-8.4292,2026-09-22,37.2,17.4,0.0,0,18.2,33.8,0
Sidi Bennour,Casablanca-Settat,32.655,-8.4292,2026-09-23,38.1,16.0,0.0,0,16.4,31.3,45
Sidi Bennour,Casablanca-Settat,32.655,-8.4292,2026-09-24,34.6,16.7,0.0,3,17.4,32.8,3
Sidi Bennour,Casablanca-Settat,32.655,-8.4292,2026-09-25,29.4,18.4,0.0,3,18.1,33.5,45
Temsia,Souss-Massa,30.3633,-9.4144,2026-09-19,26.9,19.8,0.0,0,22.1,46.1,45
Temsia,Souss-Massa,30.3633,-9.4144,2026-09-20,28.8,19.6,0.0,0,17.4,40.3,45
Temsia,Souss-Massa,30.3633,-9.4144,2026-09-21,38.1,21.5,0.0,0,14.8,32.0,3
Temsia,Souss-Massa,30.3633,-9.4144,2026-09-22,38.2,22.3,0.0,0,22.0,47.9,3
Temsia,Souss-Massa,30.3633,-9.4144,2026-09-23,39.5,23.2,0.0,0,20.2,45.0,3
Temsia,Souss-Massa,30.3633,-9.4144,2026-09-24,39.5,23.2,0.0,0,26.4,43.6,3
Temsia,Souss-Massa,30.3633,-9.4144,2026-09-25,29.9,20.3,0.0,0,28.3,48.6,45
Biougra,Souss-Massa,30.2144,-9.3708,2026-09-19,27.6,19.7,0.0,0,21.5,35.6,2
Biougra,Souss-Massa,30.2144,-9.3708,2026-09-20,29.5,19.7,0.0,0,19.9,32.8,1
Biougra,Souss-Massa,30.2144,-9.3708,2026-09-21,39.8,22.3,0.0,0,18.2,30.6,3
Biougra,Souss-Massa,30.2144,-9.3708,2026-09-22,38.9,23.4,0.0,0,22.3,42.1,3
Biougra,Souss-Massa,30.2144,-9.3708,2026-09-23,39.4,24.5,0.0,0,21.7,40.7,3
Biougra,Souss-Massa,30.2144,-9.3708,2026-09-24,37.8,21.8,0.0,0,22.8,38.5,3
Biougra,Souss-Massa,30.2144,-9.3708,2026-09-25,28.1,19.9,0.0,0,24.4,41.0,45
Al Hoceïma,Tanger-Tétouan-Al Hoceïma,35.2472,-3.9322,2026-09-19,27.6,21.3,0.0,0,28.8,52.2,3
Al Hoceïma,Tanger-Tétouan-Al Hoceïma,35.2472,-3.9322,2026-09-20,28.0,23.1,0.0,10,24.4,43.9,3
Al Hoceïma,Tanger-Tétouan-Al Hoceïma,35.2472,-3.9322,2026-09-21,28.6,21.4,0.0,0,24.4,43.6,1
Al Hoceïma,Tanger-Tétouan-Al Hoceïma,35.2472,-3.9322,2026-09-22,27.9,17.8,0.0,0,16.3,32.8,1
Al Hoceïma,Tanger-Tétouan-Al Hoceïma,35.2472,-3.9322,2026-09-23,26.4,17.6,0.0,0,12.6,22.3,2
Al Hoceïma,Tanger-Tétouan-Al Hoceïma,35.2472,-3.9322,2026-09-24,26.7,19.3,0.0,0,8.4,16.2,45
Al Hoceïma,Tanger-Tétouan-Al Hoceïma,35.2472,-3.9322,2026-09-25,27.7,21.1,0.0,0,7.2,14.8,45
Qasbat Tadla,Béni Mellal-Khénifra,32.6,-6.26,2026-09-19,36.3,20.1,0.0,0,14.3,27.0,2
Qasbat Tadla,Béni Mellal-Khénifra,32.6,-6.26,2026-09-20,38.0,21.5,0.0,0,15.9,30.2,3
Qasbat Tadla,Béni Mellal-Khénifra,32.6,-6.26,2026-09-21,37.0,20.2,0.0,0,16.8,30.6,2
Qasbat Tadla,Béni Mellal-Khénifra,32.6,-6.26,2026-09-22,36.3,20.2,0.0,0,12.0,23.0,2
Qasbat Tadla,Béni Mellal-Khénifra,32.6,-6.26,2026-09-23,36.6,17.9,0.0,0,10.2,19.4,0
Qasbat Tadla,Béni Mellal-Khénifra,32.6,-6.26,2026-09-24,36.8,16.8,0.0,3,13.5,25.2,1
Qasbat Tadla,Béni Mellal-Khénifra,32.6,-6.26,2026-09-25,34.7,18.0,0.0,4,11.7,23.0,3
Aziylal,Béni Mellal-Khénifra,31.96,-6.56,2026-09-19,27.7,18.3,0.1,20,13.5,36.7,3
Aziylal,Béni Mellal-Khénifra,31.96,-6.56,2026-09-20,28.4,19.8,0.1,15,18.7,40.0,3
Aziylal,Béni Mellal-Khénifra,31.96,-6.56,2026-09-21,28.6,18.8,0.0,3,19.3,43.2,2
Aziylal,Béni Mellal-Khénifra,31.96,-6.56,2026-09-22,28.5,18.2,0.0,0,21.7,45.4,2
Aziylal,Béni Mellal-Khénifra,31.96,-6.56,2026-09-23,28.8,16.8,0.0,0,16.7,35.3,0
Aziylal,Béni Mellal-Khénifra,31.96,-6.56,2026-09-24,29.0,18.1,0.0,3,20.9,43.6,0
Aziylal,Béni Mellal-Khénifra,31.96,-6.56,2026-09-25,27.3,17.2,0.3,10,15.2,35.3,3
Boujad,Béni Mellal-Khénifra,32.7741,-6.3925,2026-09-19,34.8,20.5,0.0,0,16.8,37.1,2
Boujad,Béni Mellal-Khénifra,32.7741,-6.3925,2026-09-20,36.1,21.3,0.0,3,19.2,39.2,3
Boujad,Béni Mellal-Khénifra,32.7741,-6.3925,2026-09-21,35.0,20.8,0.0,0,17.4,32.8,2
Boujad,Béni Mellal-Khénifra,32.7741,-6.3925,2026-09-22,34.3,20.9,0.0,0,12.3,23.0,2
Boujad,Béni Mellal-Khénifra,32.7741,-6.3925,2026-09-23,34.7,18.5,0.0,0,13.5,27.7,0
Boujad,Béni Mellal-Khénifra,32.7741,-6.3925,2026-09-24,34.1,19.7,0.0,0,12.8,31.7,2
Boujad,Béni Mellal-Khénifra,32.7741,-6.3925,2026-09-25,32.9,20.0,0.0,0,17.4,33.8,3
Al Aaroui,Oriental,35.0104,-3.0073,2026-09-19,26.5,21.3,0.0,3,29.1,51.1,45
Al Aaroui,Oriental,35.0104,-3.0073,2026-09-20,27.3,21.9,0.0,8,27.2,49.0,3
Al Aaroui,Oriental,35.0104,-3.0073,2026-09-21,27.3,20.9,0.0,3,25.0,43.9,3
Al Aaroui,Oriental,35.0104,-3.0073,2026-09-22,27.6,17.6,0.0,0,24.0,43.2,45
Al Aaroui,Oriental,35.0104,-3.0073,2026-09-23,28.0,17.4,0.0,0,19.9,34.9,45
Al Aaroui,Oriental,35.0104,-3.0073,2026-09-24,31.5,16.9,0.0,0,14.2,26.6,45
Al Aaroui,Oriental,35.0104,-3.0073,2026-09-25,32.2,17.7,0.0,0,18.7,34.2,3
Mrirt,Béni Mellal-Khénifra,33.1654,-5.5634,2026-09-19,31.5,18.0,0.0,10,16.6,38.9,3
Mrirt,Béni Mellal-Khénifra,33.1654,-5.5634,2026-09-20,33.1,18.1,0.0,8,21.7,47.5,3
Mrirt,Béni Mellal-Khénifra,33.1654,-5.5634,2026-09-21,32.0,17.7,0.0,0,22.0,45.0,2
Mrirt,Béni Mellal-Khénifra,33.1654,-5.5634,2026-09-22,31.8,16.9,0.0,0,16.6,38.2,3
Mrirt,Béni Mellal-Khénifra,33.1654,-5.5634,2026-09-23,32.1,16.2,0.0,0,13.0,34.9,1
Mrirt,Béni Mellal-Khénifra,33.1654,-5.5634,2026-09-24,32.2,16.4,0.0,0,13.8,26.6,0
Mrirt,Béni Mellal-Khénifra,33.1654,-5.5634,2026-09-25,31.7,15.5,0.0,7,15.3,34.9,3
Tineghir,Drâa-Tafilalet,31.5147,-5.5328,2026-09-19,27.8,17.9,7.4,70,17.0,57.2,95
Tineghir,Drâa-Tafilalet,31.5147,-5.5328,2026-09-20,26.7,17.1,0.4,55,10.7,21.2,3
Tineghir,Drâa-Tafilalet,31.5147,-5.5328,2026-09-21,29.8,17.7,0.1,26,22.7,37.4,3
Tineghir,Drâa-Tafilalet,31.5147,-5.5328,2026-09-22,30.3,17.3,0.0,0,24.9,45.7,1
Tineghir,Drâa-Tafilalet,31.5147,-5.5328,2026-09-23,30.0,16.7,0.0,0,15.2,28.4,0
Tineghir,Drâa-Tafilalet,31.5147,-5.5328,2026-09-24,30.1,17.1,0.0,5,11.6,22.3,2
Tineghir,Drâa-Tafilalet,31.5147,-5.5328,2026-09-25,26.6,17.5,0.6,12,11.8,25.6,3
Bouknadel,Rabat-Salé-Kénitra,34.1766,-6.6893,2026-09-19,28.0,18.1,0.0,0,14.2,25.6,1
Bouknadel,Rabat-Salé-Kénitra,34.1766,-6.6893,2026-09-20,31.7,19.9,0.0,0,13.3,24.5,1
Bouknadel,Rabat-Salé-Kénitra,34.1766,-6.6893,2026-09-21,30.0,20.6,0.0,0,12.8,22.7,1
Bouknadel,Rabat-Salé-Kénitra,34.1766,-6.6893,2026-09-22,28.6,20.4,0.0,0,12.6,22.0,0
Bouknadel,Rabat-Salé-Kénitra,34.1766,-6.6893,2026-09-23,27.7,19.0,0.0,0,13.3,24.1,45
Bouknadel,Rabat-Salé-Kénitra,34.1766,-6.6893,2026-09-24,28.1,18.1,0.0,0,10.9,26.3,45
Bouknadel,Rabat-Salé-Kénitra,34.1766,-6.6893,2026-09-25,25.9,20.0,0.0,0,10.7,26.3,45
Cabo Bojador,Laâyoune-Sakia El Hamra,26.1269,-14.4992,2026-09-19,25.1,19.9,0.0,0,20.7,40.7,3
Cabo Bojador,Laâyoune-Sakia El Hamra,26.1269,-14.4992,2026-09-20,27.3,18.9,0.0,0,25.7,47.2,1
Cabo Bojador,Laâyoune-Sakia El Hamra,26.1269,-14.4992,2026-09-21,27.0,20.4,0.0,2,27.1,48.2,1
Cabo Bojador,Laâyoune-Sakia El Hamra,26.1269,-14.4992,2026-09-22,27.0,20.5,0.0,6,28.4,50.8,2
Cabo Bojador,Laâyoune-Sakia El Hamra,26.1269,-14.4992,2026-09-23,29.1,20.6,0.0,2,25.9,46.1,1
Cabo Bojador,Laâyoune-Sakia El Hamra,26.1269,-14.4992,2026-09-24,38.9,22.8,0.0,2,34.0,53.6,3
Cabo Bojador,Laâyoune-Sakia El Hamra,26.1269,-14.4992,2026-09-25,29.7,23.7,0.0,3,32.1,54.0,3
Zagora,Drâa-Tafilalet,30.3316,-5.8376,2026-09-19,32.7,25.3,0.0,8,23.0,36.4,3
Zagora,Drâa-Tafilalet,30.3316,-5.8376,2026-09-20,33.8,23.6,0.0,8,22.4,37.8,3
Zagora,Drâa-Tafilalet,30.3316,-5.8376,2026-09-21,33.2,23.7,0.7,28,20.8,32.8,80
Zagora,Drâa-Tafilalet,30.3316,-5.8376,2026-09-22,34.7,24.8,0.0,0,14.8,25.9,2
Zagora,Drâa-Tafilalet,30.3316,-5.8376,2026-09-23,33.8,23.9,0.0,0,14.4,24.1,2
Zagora,Drâa-Tafilalet,30.3316,-5.8376,2026-09-24,34.2,23.6,0.7,3,17.1,27.0,80
Zagora,Drâa-Tafilalet,30.3316,-5.8376,2026-09-25,31.6,23.3,1.7,10,12.9,24.5,80
Azemmour,Casablanca-Settat,33.2833,-8.3333,2026-09-19,26.8,18.8,0.0,0,16.0,29.5,45
Azemmour,Casablanca-Settat,33.2833,-8.3333,2026-09-20,28.9,18.6,0.0,0,12.0,22.3,45
Azemmour,Casablanca-Settat,33.2833,-8.3333,2026-09-21,29.0,20.5,0.0,0,14.7,27.0,45
Azemmour,Casablanca-Settat,33.2833,-8.3333,2026-09-22,27.7,18.9,0.0,0,12.5,24.1,45
Azemmour,Casablanca-Settat,33.2833,-8.3333,2026-09-23,28.3,19.4,0.0,0,13.8,27.0,45
Azemmour,Casablanca-Settat,33.2833,-8.3333,2026-09-24,27.2,18.9,0.0,0,12.4,25.2,3
Azemmour,Casablanca-Settat,33.2833,-8.3333,2026-09-25,25.3,20.1,0.0,0,11.5,24.8,3
El Hajeb,Fès-Meknès,33.6928,-5.3711,2026-09-19,30.7,17.1,0.3,20,16.9,35.6,2
El Hajeb,Fès-Meknès,33.6928,-5.3711,2026-09-20,32.0,20.5,0.0,0,17.6,38.9,2
El Hajeb,Fès-Meknès,33.6928,-5.3711,2026-09-21,31.6,20.8,0.0,0,20.0,41.8,1
El Hajeb,Fès-Meknès,33.6928,-5.3711,2026-09-22,31.0,19.9,0.0,0,18.8,41.8,0
El Hajeb,Fès-Meknès,33.6928,-5.3711,2026-09-23,31.6,19.3,0.0,0,15.5,33.5,0
El Hajeb,Fès-Meknès,33.6928,-5.3711,2026-09-24,32.6,20.5,0.0,0,19.5,39.2,2
El Hajeb,Fès-Meknès,33.6928,-5.3711,2026-09-25,30.6,18.5,0.0,3,19.8,38.9,3
Jerada,Oriental,34.31,-2.16,2026-09-19,26.5,16.8,0.9,60,22.7,50.0,80
Jerada,Oriental,34.31,-2.16,2026-09-20,28.7,16.1,0.0,25,26.1,53.6,3
Jerada,Oriental,34.31,-2.16,2026-09-21,25.9,16.4,0.0,3,23.0,48.2,3
Jerada,Oriental,34.31,-2.16,2026-09-22,27.6,15.5,0.0,0,17.7,47.9,2
Jerada,Oriental,34.31,-2.16,2026-09-23,29.0,16.2,0.0,0,15.9,42.5,2
Jerada,Oriental,34.31,-2.16,2026-09-24,30.0,16.1,0.0,0,16.7,28.1,0
Jerada,Oriental,34.31,-2.16,2026-09-25,31.4,16.6,0.0,0,21.6,42.1,3
El Aïoun,Oriental,34.5726,-2.5127,2026-09-19,30.1,18.9,0.6,28,21.6,39.2,80
El Aïoun,Oriental,34.5726,-2.5127,2026-09-20,31.2,18.7,0.0,10,21.7,38.2,45
El Aïoun,Oriental,34.5726,-2.5127,2026-09-21,28.1,18.9,0.0,3,17.9,31.7,45
El Aïoun,Oriental,34.5726,-2.5127,2026-09-22,30.0,14.6,0.0,0,15.8,32.4,45
El Aïoun,Oriental,34.5726,-2.5127,2026-09-23,31.3,15.3,0.0,0,14.8,27.4,0
El Aïoun,Oriental,34.5726,-2.5127,2026-09-24,34.4,16.2,0.0,0,17.7,28.8,1
El Aïoun,Oriental,34.5726,-2.5127,2026-09-25,33.2,18.6,0.0,0,16.6,28.8,3
Tameslouht,Marrakech-Safi,31.5,-8.1,2026-09-19,35.2,20.4,0.0,10,14.3,24.1,3
Tameslouht,Marrakech-Safi,31.5,-8.1,2026-09-20,36.4,23.6,0.0,35,26.1,42.8,3
Tameslouht,Marrakech-Safi,31.5,-8.1,2026-09-21,36.8,23.3,0.0,0,22.2,36.4,3
Tameslouht,Marrakech-Safi,31.5,-8.1,2026-09-22,37.0,22.2,0.0,0,19.8,30.2,2
Tameslouht,Marrakech-Safi,31.5,-8.1,2026-09-23,37.1,21.4,0.0,0,12.6,21.6,3
Tameslouht,Marrakech-Safi,31.5,-8.1,2026-09-24,36.3,21.3,0.0,0,22.7,37.8,1
Tameslouht,Marrakech-Safi,31.5,-8.1,2026-09-25,33.6,21.8,0.0,5,21.0,34.9,3
Sidi Yahia El Gharb,Rabat-Salé-Kénitra,34.3058,-6.3058,2026-09-19,35.7,17.7,0.0,0,20.1,36.4,1
Sidi Yahia El Gharb,Rabat-Salé-Kénitra,34.3058,-6.3058,2026-09-20,37.7,20.1,0.0,0,16.0,29.9,0
Sidi Yahia El Gharb,Rabat-Salé-Kénitra,34.3058,-6.3058,2026-09-21,37.3,19.9,0.0,0,18.3,34.9,1
Sidi Yahia El Gharb,Rabat-Salé-Kénitra,34.3058,-6.3058,2026-09-22,35.0,19.9,0.0,0,18.7,34.2,1
Sidi Yahia El Gharb,Rabat-Salé-Kénitra,34.3058,-6.3058,2026-09-23,35.4,17.7,0.0,0,15.6,30.2,0
Sidi Yahia El Gharb,Rabat-Salé-Kénitra,34.3058,-6.3058,2026-09-24,33.4,17.3,0.0,0,17.6,33.1,45
Sidi Yahia El Gharb,Rabat-Salé-Kénitra,34.3058,-6.3058,2026-09-25,29.3,19.7,0.0,3,16.6,31.7,45
Chichaoua,Marrakech-Safi,31.5333,-8.7667,2026-09-19,34.5,19.4,0.0,0,20.1,33.1,2
Chichaoua,Marrakech-Safi,31.5333,-8.7667,2026-09-20,34.8,21.8,0.0,8,22.8,36.7,2
Chichaoua,Marrakech-Safi,31.5333,-8.7667,2026-09-21,37.2,22.3,0.0,0,24.6,41.4,3
Chichaoua,Marrakech-Safi,31.5333,-8.7667,2026-09-22,37.9,20.2,0.0,0,21.7,41.0,1
Chichaoua,Marrakech-Safi,31.5333,-8.7667,2026-09-23,37.9,19.9,0.0,0,22.8,39.2,3
Chichaoua,Marrakech-Safi,31.5333,-8.7667,2026-09-24,37.0,21.2,0.0,0,19.6,36.4,3
Chichaoua,Marrakech-Safi,31.5333,-8.7667,2026-09-25,32.3,21.2,0.0,0,20.9,35.6,3
Al ’Attawia,Marrakech-Safi,31.83,-7.31,2026-09-19,34.4,19.8,0.0,5,14.4,28.4,2
Al ’Attawia,Marrakech-Safi,31.83,-7.31,2026-09-20,35.4,23.4,0.1,13,16.3,31.0,3
Al ’Attawia,Marrakech-Safi,31.83,-7.31,2026-09-21,35.4,21.3,0.0,0,15.9,29.2,2
Al ’Attawia,Marrakech-Safi,31.83,-7.31,2026-09-22,35.9,20.7,0.0,0,16.9,31.3,2
Al ’Attawia,Marrakech-Safi,31.83,-7.31,2026-09-23,35.6,18.7,0.0,0,13.1,23.8,3
Al ’Attawia,Marrakech-Safi,31.83,-7.31,2026-09-24,35.7,17.9,0.0,3,13.8,25.6,3
Al ’Attawia,Marrakech-Safi,31.83,-7.31,2026-09-25,32.5,17.9,0.0,12,13.4,24.1,3
Tabount,Drâa-Tafilalet,30.9014,-6.9217,2026-09-19,31.0,19.9,0.1,30,27.2,43.2,3
Tabount,Drâa-Tafilalet,30.9014,-6.9217,2026-09-20,30.9,19.1,0.9,28,24.8,48.2,95
Tabount,Drâa-Tafilalet,30.9014,-6.9217,2026-09-21,32.3,19.1,0.2,5,25.8,41.4,80
Tabount,Drâa-Tafilalet,30.9014,-6.9217,2026-09-22,33.3,17.9,0.0,0,33.0,55.4,0
Tabount,Drâa-Tafilalet,30.9014,-6.9217,2026-09-23,33.2,17.2,0.0,0,22.3,38.9,2
Tabount,Drâa-Tafilalet,30.9014,-6.9217,2026-09-24,32.8,16.8,0.0,0,12.7,20.9,3
Tabount,Drâa-Tafilalet,30.9014,-6.9217,2026-09-25,29.3,17.9,3.9,14,10.2,26.6,80
Zaïo,Oriental,34.9396,-2.7334,2026-09-19,28.5,21.0,0.0,5,24.8,52.9,45
Zaïo,Oriental,34.9396,-2.7334,2026-09-20,30.4,21.6,0.0,0,16.8,37.8,45
Zaïo,Oriental,34.9396,-2.7334,2026-09-21,28.4,20.2,0.0,0,22.7,45.0,2
Zaïo,Oriental,34.9396,-2.7334,2026-09-22,29.2,17.9,0.0,0,15.7,34.2,45
Zaïo,Oriental,34.9396,-2.7334,2026-09-23,30.3,17.8,0.0,0,11.4,27.7,45
Zaïo,Oriental,34.9396,-2.7334,2026-09-24,31.6,17.1,0.0,0,15.9,29.2,45
Zaïo,Oriental,34.9396,-2.7334,2026-09-25,33.2,17.6,0.0,0,14.8,27.4,3
Aguelmous,Béni Mellal-Khénifra,33.1324,-5.8366,2026-09-19,31.2,18.2,0.0,8,16.3,34.6,2
Aguelmous,Béni Mellal-Khénifra,33.1324,-5.8366,2026-09-20,32.4,19.5,0.0,5,20.9,50.0,2
Aguelmous,Béni Mellal-Khénifra,33.1324,-5.8366,2026-09-21,32.1,19.7,0.0,0,20.6,42.8,3
Aguelmous,Béni Mellal-Khénifra,33.1324,-5.8366,2026-09-22,31.2,19.5,0.0,0,16.2,33.1,1
Aguelmous,Béni Mellal-Khénifra,33.1324,-5.8366,2026-09-23,31.5,18.0,0.0,0,11.1,26.3,0
Aguelmous,Béni Mellal-Khénifra,33.1324,-5.8366,2026-09-24,31.6,18.2,0.0,0,15.3,31.0,0
Aguelmous,Béni Mellal-Khénifra,33.1324,-5.8366,2026-09-25,30.4,18.6,0.0,8,16.5,36.0,3
Asilah,Tanger-Tétouan-Al Hoceïma,35.4667,-6.0333,2026-09-19,29.3,23.0,0.0,0,36.0,65.2,0
Asilah,Tanger-Tétouan-Al Hoceïma,35.4667,-6.0333,2026-09-20,30.2,24.1,0.0,0,28.2,51.5,2
Asilah,Tanger-Tétouan-Al Hoceïma,35.4667,-6.0333,2026-09-21,30.8,23.7,0.0,0,25.8,49.3,1
Asilah,Tanger-Tétouan-Al Hoceïma,35.4667,-6.0333,2026-09-22,31.0,22.4,0.0,0,17.1,34.2,2
Asilah,Tanger-Tétouan-Al Hoceïma,35.4667,-6.0333,2026-09-23,30.7,21.1,0.0,0,14.5,29.9,0
Asilah,Tanger-Tétouan-Al Hoceïma,35.4667,-6.0333,2026-09-24,34.7,20.6,0.0,0,13.3,25.9,1
Asilah,Tanger-Tétouan-Al Hoceïma,35.4667,-6.0333,2026-09-25,28.5,20.2,0.0,0,12.2,24.5,3
Imzouren,Tanger-Tétouan-Al Hoceïma,35.1464,-3.8506,2026-09-19,29.2,20.4,0.0,0,26.3,48.2,3
Imzouren,Tanger-Tétouan-Al Hoceïma,35.1464,-3.8506,2026-09-20,28.8,21.8,0.0,0,19.9,36.7,3
Imzouren,Tanger-Tétouan-Al Hoceïma,35.1464,-3.8506,2026-09-21,29.6,20.3,0.0,0,23.6,42.5,1
Imzouren,Tanger-Tétouan-Al Hoceïma,35.1464,-3.8506,2026-09-22,28.6,17.8,0.0,0,14.2,27.4,0
Imzouren,Tanger-Tétouan-Al Hoceïma,35.1464,-3.8506,2026-09-23,27.1,17.8,0.0,0,13.8,25.2,2
Imzouren,Tanger-Tétouan-Al Hoceïma,35.1464,-3.8506,2026-09-24,29.3,18.6,0.0,0,10.7,22.0,2
Imzouren,Tanger-Tétouan-Al Hoceïma,35.1464,-3.8506,2026-09-25,30.0,22.6,0.0,0,11.2,22.0,3
Mediouna,Casablanca-Settat,33.4556,-7.5208,2026-09-19,30.7,17.1,0.0,0,16.2,29.5,45
Mediouna,Casablanca-Settat,33.4556,-7.5208,2026-09-20,35.4,18.4,0.0,0,16.5,31.0,1
Mediouna,Casablanca-Settat,33.4556,-7.5208,2026-09-21,35.7,19.2,0.0,0,17.5,31.7,2
Mediouna,Casablanca-Settat,33.4556,-7.5208,2026-09-22,34.7,18.9,0.0,0,16.6,29.9,0
Mediouna,Casablanca-Settat,33.4556,-7.5208,2026-09-23,34.4,17.0,0.0,0,15.1,27.7,45
Mediouna,Casablanca-Settat,33.4556,-7.5208,2026-09-24,28.3,16.9,0.0,0,11.3,30.2,45
Mediouna,Casablanca-Settat,33.4556,-7.5208,2026-09-25,25.5,19.0,0.0,3,12.0,33.1,45
Demnat,Béni Mellal-Khénifra,31.7311,-7.0361,2026-09-19,31.5,18.4,0.0,13,15.3,27.4,2
Demnat,Béni Mellal-Khénifra,31.7311,-7.0361,2026-09-20,32.3,22.7,0.1,15,15.3,31.0,3
Demnat,Béni Mellal-Khénifra,31.7311,-7.0361,2026-09-21,31.8,20.9,0.0,0,18.4,35.6,2
Demnat,Béni Mellal-Khénifra,31.7311,-7.0361,2026-09-22,32.6,20.2,0.0,0,18.0,34.9,2
Demnat,Béni Mellal-Khénifra,31.7311,-7.0361,2026-09-23,32.6,18.5,0.0,0,16.4,31.7,2
Demnat,Béni Mellal-Khénifra,31.7311,-7.0361,2026-09-24,32.6,18.1,0.0,5,15.4,30.2,3
Demnat,Béni Mellal-Khénifra,31.7311,-7.0361,2026-09-25,29.9,16.7,0.0,14,15.8,30.2,3
Aïn Taoujdat,Fès-Meknès,33.9333,-5.2167,2026-09-19,33.5,18.8,0.0,5,16.0,31.0,2
Aïn Taoujdat,Fès-Meknès,33.9333,-5.2167,2026-09-20,34.9,19.4,0.0,0,14.0,28.1,1
Aïn Taoujdat,Fès-Meknès,33.9333,-5.2167,2026-09-21,34.3,19.6,0.0,0,12.4,24.5,1
Aïn Taoujdat,Fès-Meknès,33.9333,-5.2167,2026-09-22,33.2,18.8,0.0,0,14.1,27.4,0
Aïn Taoujdat,Fès-Meknès,33.9333,-5.2167,2026-09-23,34.0,18.2,0.0,0,14.4,29.5,0
Aïn Taoujdat,Fès-Meknès,33.9333,-5.2167,2026-09-24,35.6,19.6,0.0,0,17.3,33.1,2
Aïn Taoujdat,Fès-Meknès,33.9333,-5.2167,2026-09-25,32.7,18.9,0.0,3,18.4,34.2,3
Sidi Smai’il,Casablanca-Settat,32.8167,-8.5,2026-09-19,31.4,17.2,0.0,0,17.7,31.0,3
Sidi Smai’il,Casablanca-Settat,32.8167,-8.5,2026-09-20,33.0,19.3,0.0,0,16.3,28.4,2
Sidi Smai’il,Casablanca-Settat,32.8167,-8.5,2026-09-21,36.1,20.3,0.0,0,14.5,25.9,3
Sidi Smai’il,Casablanca-Settat,32.8167,-8.5,2026-09-22,34.3,17.8,0.0,0,16.0,28.8,45
Sidi Smai’il,Casablanca-Settat,32.8167,-8.5,2026-09-23,35.5,16.7,0.0,0,14.9,27.4,45
Sidi Smai’il,Casablanca-Settat,32.8167,-8.5,2026-09-24,30.8,18.2,0.0,3,15.5,28.8,3
Sidi Smai’il,Casablanca-Settat,32.8167,-8.5,2026-09-25,27.2,19.6,0.0,3,16.0,29.2,3
Moulay Bousselham,Rabat-Salé-Kénitra,34.8786,-6.2933,2026-09-19,29.8,18.2,0.0,0,15.4,26.3,0
Moulay Bousselham,Rabat-Salé-Kénitra,34.8786,-6.2933,2026-09-20,33.2,20.9,0.0,0,18.8,30.6,0
Moulay Bousselham,Rabat-Salé-Kénitra,34.8786,-6.2933,2026-09-21,31.2,20.9,0.0,0,17.3,29.2,0
Moulay Bousselham,Rabat-Salé-Kénitra,34.8786,-6.2933,2026-09-22,32.0,20.3,0.0,0,18.3,30.6,1
Moulay Bousselham,Rabat-Salé-Kénitra,34.8786,-6.2933,2026-09-23,30.9,17.3,0.0,0,18.7,30.6,0
Moulay Bousselham,Rabat-Salé-Kénitra,34.8786,-6.2933,2026-09-24,30.6,17.5,0.0,0,15.1,27.0,45
Moulay Bousselham,Rabat-Salé-Kénitra,34.8786,-6.2933,2026-09-25,26.6,19.4,0.0,0,14.1,25.6,45
Mechraa Bel Ksiri,Rabat-Salé-Kénitra,34.56,-5.95,2026-09-19,36.6,19.2,0.0,0,18.3,32.4,45
Mechraa Bel Ksiri,Rabat-Salé-Kénitra,34.56,-5.95,2026-09-20,37.6,24.5,0.0,0,21.6,40.0,0
Mechraa Bel Ksiri,Rabat-Salé-Kénitra,34.56,-5.95,2026-09-21,37.3,24.6,0.0,0,19.5,36.0,0
Mechraa Bel Ksiri,Rabat-Salé-Kénitra,34.56,-5.95,2026-09-22,36.5,24.0,0.0,0,18.3,34.6,0
Mechraa Bel Ksiri,Rabat-Salé-Kénitra,34.56,-5.95,2026-09-23,36.7,18.3,0.0,0,14.5,30.6,0
Mechraa Bel Ksiri,Rabat-Salé-Kénitra,34.56,-5.95,2026-09-24,35.2,17.7,0.0,0,16.0,31.0,45
Mechraa Bel Ksiri,Rabat-Salé-Kénitra,34.56,-5.95,2026-09-25,30.1,19.9,0.0,3,16.6,31.3,45
Souk et Tnine Jorf el Mellah,Rabat-Salé-Kénitra,34.4945,-5.5047,2026-09-19,36.6,21.5,0.0,0,23.9,45.4,1
Souk et Tnine Jorf el Mellah,Rabat-Salé-Kénitra,34.4945,-5.5047,2026-09-20,37.3,24.5,0.0,0,20.7,40.0,0
Souk et Tnine Jorf el Mellah,Rabat-Salé-Kénitra,34.4945,-5.5047,2026-09-21,36.7,24.7,0.0,0,18.2,34.6,1
Souk et Tnine Jorf el Mellah,Rabat-Salé-Kénitra,34.4945,-5.5047,2026-09-22,36.1,23.4,0.0,0,16.9,33.1,0
Souk et Tnine Jorf el Mellah,Rabat-Salé-Kénitra,34.4945,-5.5047,2026-09-23,36.5,20.5,0.0,0,8.9,21.2,0
Souk et Tnine Jorf el Mellah,Rabat-Salé-Kénitra,34.4945,-5.5047,2026-09-24,37.1,19.7,0.0,0,15.6,27.4,2
Souk et Tnine Jorf el Mellah,Rabat-Salé-Kénitra,34.4945,-5.5047,2026-09-25,33.1,19.5,0.0,3,16.4,32.4,45
Zeghanghane,Oriental,35.1575,-3.0017,2026-09-19,26.4,22.0,0.6,18,28.2,52.2,3
Zeghanghane,Oriental,35.1575,-3.0017,2026-09-20,26.8,22.3,0.6,28,27.1,51.5,3
Zeghanghane,Oriental,35.1575,-3.0017,2026-09-21,26.9,21.9,0.0,3,21.9,44.6,2
Zeghanghane,Oriental,35.1575,-3.0017,2026-09-22,27.1,18.6,0.0,0,20.6,41.8,2
Zeghanghane,Oriental,35.1575,-3.0017,2026-09-23,27.5,18.3,0.0,0,17.4,35.3,45
Zeghanghane,Oriental,35.1575,-3.0017,2026-09-24,29.1,18.6,0.0,0,17.6,32.4,45
Zeghanghane,Oriental,35.1575,-3.0017,2026-09-25,31.2,18.0,0.0,0,12.4,24.1,45
Oulad Barhil,Souss-Massa,30.6408,-8.475,2026-09-19,37.1,20.3,0.0,3,25.5,49.3,3
Oulad Barhil,Souss-Massa,30.6408,-8.475,2026-09-20,37.5,21.9,0.0,3,22.2,49.7,3
Oulad Barhil,Souss-Massa,30.6408,-8.475,2026-09-21,38.0,22.1,0.0,0,29.5,51.8,3
Oulad Barhil,Souss-Massa,30.6408,-8.475,2026-09-22,38.6,20.4,0.0,0,24.0,54.0,3
Oulad Barhil,Souss-Massa,30.6408,-8.475,2026-09-23,39.3,20.8,0.0,5,23.2,56.9,3
Oulad Barhil,Souss-Massa,30.6408,-8.475,2026-09-24,37.8,20.8,0.0,1,26.8,49.0,3
Oulad Barhil,Souss-Massa,30.6408,-8.475,2026-09-25,35.6,20.2,0.0,0,21.6,40.0,3
Bir Jdid,Casablanca-Settat,33.3737,-8.0002,2026-09-19,27.3,18.3,0.0,0,16.3,32.0,45
Bir Jdid,Casablanca-Settat,33.3737,-8.0002,2026-09-20,31.1,19.2,0.0,0,14.0,28.1,45
Bir Jdid,Casablanca-Settat,33.3737,-8.0002,2026-09-21,31.4,20.5,0.0,0,14.8,28.8,45
Bir Jdid,Casablanca-Settat,33.3737,-8.0002,2026-09-22,30.0,18.3,0.0,0,14.2,28.1,45
Bir Jdid,Casablanca-Settat,33.3737,-8.0002,2026-09-23,30.1,17.7,0.0,0,14.4,28.1,45
Bir Jdid,Casablanca-Settat,33.3737,-8.0002,2026-09-24,28.6,17.5,0.0,0,14.7,28.4,45
Bir Jdid,Casablanca-Settat,33.3737,-8.0002,2026-09-25,25.6,19.2,0.0,0,14.5,28.4,45
Bou Arfa,Oriental,32.531,-1.9631,2026-09-19,26.0,18.6,0.8,75,13.2,27.7,80
Bou Arfa,Oriental,32.531,-1.9631,2026-09-20,26.8,15.9,1.5,28,29.5,50.4,80
Bou Arfa,Oriental,32.531,-1.9631,2026-09-21,26.9,15.8,0.0,0,18.8,33.8,3
Bou Arfa,Oriental,32.531,-1.9631,2026-09-22,26.3,15.2,0.0,0,14.8,24.1,3
Bou Arfa,Oriental,32.531,-1.9631,2026-09-23,27.7,13.0,0.0,0,11.6,18.7,0
Bou Arfa,Oriental,32.531,-1.9631,2026-09-24,29.0,14.5,0.0,0,8.6,14.0,2
Bou Arfa,Oriental,32.531,-1.9631,2026-09-25,29.4,16.5,0.0,3,14.2,22.7,3
Tahannawt,Marrakech-Safi,31.3514,-7.9508,2026-09-19,31.8,18.5,0.1,18,23.5,50.8,3
Tahannawt,Marrakech-Safi,31.3514,-7.9508,2026-09-20,32.5,22.8,0.0,25,20.7,36.0,3
Tahannawt,Marrakech-Safi,31.3514,-7.9508,2026-09-21,33.4,22.0,0.0,3,18.6,36.0,3
Tahannawt,Marrakech-Safi,31.3514,-7.9508,2026-09-22,33.6,22.1,0.0,1,16.1,29.5,2
Tahannawt,Marrakech-Safi,31.3514,-7.9508,2026-09-23,33.7,19.6,0.0,0,15.0,28.1,3
Tahannawt,Marrakech-Safi,31.3514,-7.9508,2026-09-24,33.8,19.3,0.0,3,16.2,28.8,1
Tahannawt,Marrakech-Safi,31.3514,-7.9508,2026-09-25,31.3,18.6,0.3,9,17.8,29.9,3
Arfoud,Drâa-Tafilalet,31.4361,-4.2328,2026-09-19,30.9,20.0,13.4,53,19.8,42.8,80
Arfoud,Drâa-Tafilalet,31.4361,-4.2328,2026-09-20,30.2,19.5,0.4,10,13.3,26.3,61
Arfoud,Drâa-Tafilalet,31.4361,-4.2328,2026-09-21,32.8,20.3,0.1,13,12.9,37.1,3
Arfoud,Drâa-Tafilalet,31.4361,-4.2328,2026-09-22,31.5,20.4,0.0,6,10.5,17.3,3
Arfoud,Drâa-Tafilalet,31.4361,-4.2328,2026-09-23,31.2,19.5,0.0,3,6.3,13.0,2
Arfoud,Drâa-Tafilalet,31.4361,-4.2328,2026-09-24,32.1,20.8,0.0,0,6.0,9.4,2
Arfoud,Drâa-Tafilalet,31.4361,-4.2328,2026-09-25,32.1,21.1,0.3,3,12.3,22.0,3
Tahla,Fès-Meknès,34.05,-4.42,2026-09-19,32.0,20.2,0.1,15,23.5,45.4,2
Tahla,Fès-Meknès,34.05,-4.42,2026-09-20,33.4,20.9,0.0,0,20.5,40.0,0
Tahla,Fès-Meknès,34.05,-4.42,2026-09-21,32.5,19.9,0.0,0,17.7,35.6,1
Tahla,Fès-Meknès,34.05,-4.42,2026-09-22,32.0,18.7,0.0,0,13.3,24.8,0
Tahla,Fès-Meknès,34.05,-4.42,2026-09-23,33.4,17.8,0.0,0,10.3,23.4,0
Tahla,Fès-Meknès,34.05,-4.42,2026-09-24,35.0,19.4,0.0,0,13.0,25.9,1
Tahla,Fès-Meknès,34.05,-4.42,2026-09-25,33.4,19.1,0.0,0,17.5,33.5,3
Missour,Fès-Meknès,33.05,-3.9908,2026-09-19,30.0,17.7,3.0,53,20.3,47.9,61
Missour,Fès-Meknès,33.05,-3.9908,2026-09-20,31.1,16.6,0.0,15,25.0,38.9,2
Missour,Fès-Meknès,33.05,-3.9908,2026-09-21,29.4,18.3,0.0,0,28.5,45.0,3
Missour,Fès-Meknès,33.05,-3.9908,2026-09-22,29.8,15.5,0.0,0,23.4,38.2,1
Missour,Fès-Meknès,33.05,-3.9908,2026-09-23,31.1,15.6,0.0,0,22.7,35.3,1
Missour,Fès-Meknès,33.05,-3.9908,2026-09-24,33.2,16.2,0.0,0,9.4,15.1,2
Missour,Fès-Meknès,33.05,-3.9908,2026-09-25,33.2,17.1,0.0,0,14.8,22.3,3
Sidi Lmokhtar,Marrakech-Safi,31.57,-9.01,2026-09-19,33.6,19.4,0.0,0,15.9,26.3,2
Sidi Lmokhtar,Marrakech-Safi,31.57,-9.01,2026-09-20,34.1,22.0,0.0,0,17.0,28.8,2
Sidi Lmokhtar,Marrakech-Safi,31.57,-9.01,2026-09-21,37.5,22.9,0.0,0,19.1,30.2,3
Sidi Lmokhtar,Marrakech-Safi,31.57,-9.01,2026-09-22,37.4,20.1,0.0,0,21.1,35.6,3
Sidi Lmokhtar,Marrakech-Safi,31.57,-9.01,2026-09-23,37.7,20.3,0.0,0,17.3,33.5,3
Sidi Lmokhtar,Marrakech-Safi,31.57,-9.01,2026-09-24,35.4,19.2,0.0,0,23.0,38.2,3
Sidi Lmokhtar,Marrakech-Safi,31.57,-9.01,2026-09-25,29.8,19.2,0.0,0,21.6,38.2,3
Douar Toulal,Fès-Meknès,33.8951,-5.6021,2026-09-19,34.3,18.8,0.0,0,12.0,26.3,2
Douar Toulal,Fès-Meknès,33.8951,-5.6021,2026-09-20,35.7,20.6,0.0,0,12.5,28.8,1
Douar Toulal,Fès-Meknès,33.8951,-5.6021,2026-09-21,35.3,20.5,0.0,0,13.4,30.6,1
Douar Toulal,Fès-Meknès,33.8951,-5.6021,2026-09-22,34.1,19.6,0.0,0,15.0,34.2,0
Douar Toulal,Fès-Meknès,33.8951,-5.6021,2026-09-23,34.5,17.4,0.0,0,12.3,28.8,0
Douar Toulal,Fès-Meknès,33.8951,-5.6021,2026-09-24,35.2,19.3,0.0,0,16.8,33.1,1
Douar Toulal,Fès-Meknès,33.8951,-5.6021,2026-09-25,31.7,18.6,0.0,3,19.7,37.4,3
Oulad Yaïch,Béni Mellal-Khénifra,32.4167,-6.3333,2026-09-19,36.5,21.4,0.0,3,13.0,25.9,2
Oulad Yaïch,Béni Mellal-Khénifra,32.4167,-6.3333,2026-09-20,37.9,23.7,0.0,3,16.0,30.6,3
Oulad Yaïch,Béni Mellal-Khénifra,32.4167,-6.3333,2026-09-21,36.9,22.6,0.0,0,13.0,23.4,2
Oulad Yaïch,Béni Mellal-Khénifra,32.4167,-6.3333,2026-09-22,36.7,23.1,0.0,0,9.4,18.4,2
Oulad Yaïch,Béni Mellal-Khénifra,32.4167,-6.3333,2026-09-23,36.9,20.8,0.0,0,10.3,20.2,0
Oulad Yaïch,Béni Mellal-Khénifra,32.4167,-6.3333,2026-09-24,36.1,22.6,0.0,3,17.4,32.8,1
Oulad Yaïch,Béni Mellal-Khénifra,32.4167,-6.3333,2026-09-25,33.7,24.1,0.0,4,10.8,25.2,3
Zawyat ech Cheïkh,Béni Mellal-Khénifra,32.6541,-5.9214,2026-09-19,34.2,18.9,0.0,0,12.0,22.3,2
Zawyat ech Cheïkh,Béni Mellal-Khénifra,32.6541,-5.9214,2026-09-20,35.8,19.0,0.0,0,11.8,23.0,2
Zawyat ech Cheïkh,Béni Mellal-Khénifra,32.6541,-5.9214,2026-09-21,34.8,18.2,0.0,3,15.8,29.5,3
Zawyat ech Cheïkh,Béni Mellal-Khénifra,32.6541,-5.9214,2026-09-22,33.7,18.5,0.0,1,13.4,25.6,2
Zawyat ech Cheïkh,Béni Mellal-Khénifra,32.6541,-5.9214,2026-09-23,34.3,15.9,0.0,0,12.2,22.7,0
Zawyat ech Cheïkh,Béni Mellal-Khénifra,32.6541,-5.9214,2026-09-24,34.8,17.2,0.0,3,15.9,29.2,1
Zawyat ech Cheïkh,Béni Mellal-Khénifra,32.6541,-5.9214,2026-09-25,32.7,19.3,0.0,3,12.9,24.5,3
Imi-n-Tanout,Marrakech-Safi,31.177,-8.8504,2026-09-19,30.7,19.9,0.0,8,18.2,32.4,3
Imi-n-Tanout,Marrakech-Safi,31.177,-8.8504,2026-09-20,31.5,22.9,0.5,38,17.5,33.1,80
Imi-n-Tanout,Marrakech-Safi,31.177,-8.8504,2026-09-21,34.0,23.1,0.0,3,24.9,42.1,3
Imi-n-Tanout,Marrakech-Safi,31.177,-8.8504,2026-09-22,34.0,23.7,0.0,0,19.4,37.1,1
Imi-n-Tanout,Marrakech-Safi,31.177,-8.8504,2026-09-23,33.9,22.4,0.0,5,19.7,35.3,3
Imi-n-Tanout,Marrakech-Safi,31.177,-8.8504,2026-09-24,34.0,22.7,0.0,1,20.6,36.0,3
Imi-n-Tanout,Marrakech-Safi,31.177,-8.8504,2026-09-25,31.2,19.8,0.0,3,16.3,33.1,3
Sebt Gzoula,Marrakech-Safi,32.1219,-9.0889,2026-09-19,32.4,18.6,0.0,0,14.8,28.4,2
Sebt Gzoula,Marrakech-Safi,32.1219,-9.0889,2026-09-20,30.3,21.7,0.0,0,14.8,29.2,2
Sebt Gzoula,Marrakech-Safi,32.1219,-9.0889,2026-09-21,34.6,21.6,0.0,0,12.9,24.8,3
Sebt Gzoula,Marrakech-Safi,32.1219,-9.0889,2026-09-22,34.7,19.7,0.0,0,17.1,33.5,1
Sebt Gzoula,Marrakech-Safi,32.1219,-9.0889,2026-09-23,37.3,19.3,0.0,0,14.5,27.7,3
Sebt Gzoula,Marrakech-Safi,32.1219,-9.0889,2026-09-24,27.4,18.3,0.0,0,12.7,25.9,3
Sebt Gzoula,Marrakech-Safi,32.1219,-9.0889,2026-09-25,26.7,19.0,0.0,3,15.6,31.0,3
Tifariti,Laâyoune-Sakia El Hamra,26.158,-10.567,2026-09-19,31.6,16.7,0.0,0,25.2,39.2,3
Tifariti,Laâyoune-Sakia El Hamra,26.158,-10.567,2026-09-20,37.5,19.4,0.0,0,14.4,27.4,0
Tifariti,Laâyoune-Sakia El Hamra,26.158,-10.567,2026-09-21,38.6,25.1,0.0,2,17.5,31.7,3
Tifariti,Laâyoune-Sakia El Hamra,26.158,-10.567,2026-09-22,38.7,25.3,0.0,1,20.7,34.2,3
Tifariti,Laâyoune-Sakia El Hamra,26.158,-10.567,2026-09-23,38.3,26.0,0.0,0,18.7,34.9,1
Tifariti,Laâyoune-Sakia El Hamra,26.158,-10.567,2026-09-24,39.2,26.9,0.0,0,18.6,36.0,3
Tifariti,Laâyoune-Sakia El Hamra,26.158,-10.567,2026-09-25,37.5,26.0,0.0,2,22.4,34.6,3
