city,admin_name,lat,lng,forecast_date,temperature_2m_max,temperature_2m_min,precipitation_sum,precipitation_probability_max,wind_speed_10m_max,wind_gusts_10m_max,weather_code,temp_category,rain_category,wind_category,risk_score
Casablanca,Casablanca-Settat,33.5992,-7.62,2026-09-18,24.5,18.7,0.0,0,13.0,35.3,3,Moderate,Dry,Breezy,10.25
Casablanca,Casablanca-Settat,33.5992,-7.62,2026-09-19,26.8,19.4,0.0,0,11.9,32.8,45,Hot,Dry,Breezy,12.57
Casablanca,Casablanca-Settat,33.5992,-7.62,2026-09-20,29.7,20.5,0.0,0,10.5,31.0,2,Hot,Dry,Breezy,15.5
Casablanca,Casablanca-Settat,33.5992,-7.62,2026-09-21,29.2,21.2,0.0,0,10.2,32.0,45,Hot,Dry,Breezy,14.72
Casablanca,Casablanca-Settat,33.5992,-7.62,2026-09-22,28.7,20.8,0.0,0,10.0,28.4,45,Hot,Dry,Breezy,14.0
Casablanca,Casablanca-Settat,33.5992,-7.62,2026-09-23,29.3,19.6,0.0,0,12.1,31.7,45,Hot,Dry,Breezy,15.8
Casablanca,Casablanca-Settat,33.5992,-7.62,2026-09-24,29.3,19.7,0.0,0,11.6,31.0,45,Hot,Dry,Breezy,15.55
Tangier,Tanger-Tétouan-Al Hoceïma,35.7767,-5.8039,2026-09-18,28.0,18.3,0.0,0,21.3,49.3,2,Hot,Dry,Breezy,18.78
Tangier,Tanger-Tétouan-Al Hoceïma,35.7767,-5.8039,2026-09-19,27.5,22.6,0.0,0,32.2,75.6,2,Hot,Dry,Strong Wind,23.6
Tangier,Tanger-Tétouan-Al Hoceïma,35.7767,-5.8039,2026-09-20,28.5,23.9,0.0,0,31.3,74.9,1,Hot,Dry,Strong Wind,24.4
Tangier,Tanger-Tétouan-Al Hoceïma,35.7767,-5.8039,2026-09-21,28.3,22.8,0.0,0,28.5,68.0,2,Hot,Dry,Breezy,22.75
Tangier,Tanger-Tétouan-Al Hoceïma,35.7767,-5.8039,2026-09-22,28.2,21.4,0.0,0,24.1,58.0,2,Hot,Dry,Breezy,20.42
Tangier,Tanger-Tétouan-Al Hoceïma,35.7767,-5.8039,2026-09-23,28.2,21.9,0.0,0,24.3,46.4,1,Hot,Dry,Breezy,20.52
Tangier,Tanger-Tétouan-Al Hoceïma,35.7767,-5.8039,2026-09-24,30.1,20.8,0.0,0,19.2,35.6,0,Hot,Dry,Breezy,20.35
Fès,Fès-Meknès,34.0433,-5.0033,2026-09-18,31.7,17.4,0.0,0,10.0,27.4,3,Hot,Dry,Breezy,17.75
Fès,Fès-Meknès,34.0433,-5.0033,2026-09-19,34.1,21.0,0.0,3,20.1,49.3,2,Very Hot,Dry,Breezy,25.8
Fès,Fès-Meknès,34.0433,-5.0033,2026-09-20,35.1,22.3,0.0,0,13.6,36.7,1,Very Hot,Dry,Breezy,23.8
Fès,Fès-Meknès,34.0433,-5.0033,2026-09-21,34.1,22.1,0.0,0,12.8,33.1,2,Very Hot,Dry,Breezy,22.15
Fès,Fès-Meknès,34.0433,-5.0033,2026-09-22,33.5,20.9,0.0,0,9.8,26.6,2,Very Hot,Dry,Calm,19.9
Fès,Fès-Meknès,34.0433,-5.0033,2026-09-23,35.0,20.3,0.0,0,7.5,21.6,0,Very Hot,Dry,Calm,20.62
Fès,Fès-Meknès,34.0433,-5.0033,2026-09-24,35.8,21.5,0.0,0,11.5,29.2,0,Very Hot,Dry,Breezy,23.62
Marrakech,Marrakech-Safi,31.6295,-7.9811,2026-09-18,32.0,17.9,0.0,0,7.4,22.3,2,Very Hot,Dry,Calm,16.83
Marrakech,Marrakech-Safi,31.6295,-7.9811,2026-09-19,36.1,20.8,0.1,10,9.2,28.1,2,Very Hot,Light Rain,Calm,22.93
Marrakech,Marrakech-Safi,31.6295,-7.9811,2026-09-20,37.6,22.7,0.2,45,10.4,31.0,3,Very Hot,Light Rain,Breezy,25.48
Marrakech,Marrakech-Safi,31.6295,-7.9811,2026-09-21,37.3,22.4,0.0,8,12.7,36.7,2,Very Hot,Dry,Breezy,26.1
Marrakech,Marrakech-Safi,31.6295,-7.9811,2026-09-22,36.6,20.8,0.0,1,15.8,39.6,0,Very Hot,Dry,Breezy,26.78
Marrakech,Marrakech-Safi,31.6295,-7.9811,2026-09-23,36.3,19.1,0.0,0,14.6,25.9,0,Very Hot,Dry,Breezy,25.8
Marrakech,Marrakech-Safi,31.6295,-7.9811,2026-09-24,35.7,20.7,0.0,3,12.8,23.4,2,Very Hot,Dry,Breezy,24.15
Sale,Rabat-Salé-Kénitra,34.05,-6.8167,2026-09-18,25.5,16.3,0.0,0,14.0,36.4,45,Hot,Dry,Breezy,13.5
Sale,Rabat-Salé-Kénitra,34.05,-6.8167,2026-09-19,30.5,17.3,0.0,0,14.1,36.4,1,Hot,Dry,Breezy,18.3
Sale,Rabat-Salé-Kénitra,34.05,-6.8167,2026-09-20,30.1,20.2,0.0,0,11.5,30.2,1,Hot,Dry,Breezy,16.5
Sale,Rabat-Salé-Kénitra,34.05,-6.8167,2026-09-21,30.6,20.4,0.0,0,12.8,32.8,1,Hot,Dry,Breezy,17.78
Sale,Rabat-Salé-Kénitra,34.05,-6.8167,2026-09-22,29.6,20.1,0.0,0,10.9,29.2,0,Hot,Dry,Breezy,15.58
Sale,Rabat-Salé-Kénitra,34.05,-6.8167,2026-09-23,28.1,19.2,0.0,0,11.4,28.1,1,Hot,Dry,Breezy,13.95
Sale,Rabat-Salé-Kénitra,34.05,-6.8167,2026-09-24,28.2,18.8,0.0,0,11.8,29.2,45,Hot,Dry,Breezy,14.27
Meknès,Fès-Meknès,33.8833,-5.55,2026-09-18,30.0,15.7,0.0,0,13.8,37.1,2,Hot,Dry,Breezy,17.53
Meknès,Fès-Meknès,33.8833,-5.55,2026-09-19,34.1,19.2,0.0,3,12.7,34.9,2,Very Hot,Dry,Breezy,22.1
Meknès,Fès-Meknès,33.8833,-5.55,2026-09-20,35.2,21.4,0.0,0,12.9,33.5,1,Very Hot,Dry,Breezy,23.58
Meknès,Fès-Meknès,33.8833,-5.55,2026-09-21,34.6,20.1,0.0,0,13.3,34.6,1,Very Hot,Dry,Breezy,23.03
Meknès,Fès-Meknès,33.8833,-5.55,2026-09-22,33.1,18.9,0.0,0,12.4,32.8,1,Very Hot,Dry,Breezy,20.7
Meknès,Fès-Meknès,33.8833,-5.55,2026-09-23,33.9,18.9,0.0,0,11.4,27.7,0,Very Hot,Dry,Breezy,21.2
Meknès,Fès-Meknès,33.8833,-5.55,2026-09-24,34.4,19.2,0.0,0,14.8,34.2,3,Very Hot,Dry,Breezy,23.52
Rabat,Rabat-Salé-Kénitra,34.0211,-6.8414,2026-09-18,25.6,16.4,0.0,0,14.0,36.4,45,Hot,Dry,Breezy,13.38
Rabat,Rabat-Salé-Kénitra,34.0211,-6.8414,2026-09-19,30.5,17.3,0.0,0,14.1,36.4,1,Hot,Dry,Breezy,18.3
Rabat,Rabat-Salé-Kénitra,34.0211,-6.8414,2026-09-20,30.1,20.3,0.0,0,11.5,30.2,1,Hot,Dry,Breezy,16.5
Rabat,Rabat-Salé-Kénitra,34.0211,-6.8414,2026-09-21,30.6,20.5,0.0,0,12.8,32.8,1,Hot,Dry,Breezy,17.78
Rabat,Rabat-Salé-Kénitra,34.0211,-6.8414,2026-09-22,29.7,20.2,0.0,0,10.9,29.2,0,Hot,Dry,Breezy,15.7
Rabat,Rabat-Salé-Kénitra,34.0211,-6.8414,2026-09-23,28.2,19.2,0.0,0,11.4,28.1,1,Hot,Dry,Breezy,14.07
Rabat,Rabat-Salé-Kénitra,34.0211,-6.8414,2026-09-24,28.3,18.9,0.0,0,11.8,29.2,45,Hot,Dry,Breezy,14.4
Agadir,Souss-Massa,30.4214,-9.5831,2026-09-18,26.3,19.4,0.0,0,11.1,32.0,2,Hot,Dry,Breezy,11.55
Agadir,Souss-Massa,30.4214,-9.5831,2026-09-19,26.2,20.3,0.0,0,13.3,38.2,2,Hot,Dry,Breezy,12.53
Agadir,Souss-Massa,30.4214,-9.5831,2026-09-20,27.9,20.8,0.0,0,11.6,35.3,45,Hot,Dry,Breezy,13.8
Agadir,Souss-Massa,30.4214,-9.5831,2026-09-21,33.4,21.6,0.0,0,8.6,28.8,3,Very Hot,Dry,Calm,19.17
Agadir,Souss-Massa,30.4214,-9.5831,2026-09-22,32.9,23.3,0.0,0,11.2,37.1,45,Very Hot,Dry,Breezy,19.85
Agadir,Souss-Massa,30.4214,-9.5831,2026-09-23,35.6,20.1,0.0,0,13.6,27.7,45,Very Hot,Dry,Breezy,24.43
Agadir,Souss-Massa,30.4214,-9.5831,2026-09-24,34.0,18.2,0.0,0,13.6,27.7,45,Very Hot,Dry,Breezy,22.43
Kenitra,Rabat-Salé-Kénitra,34.25,-6.5833,2026-09-18,27.4,15.6,0.0,0,15.0,37.8,45,Hot,Dry,Breezy,14.88
Kenitra,Rabat-Salé-Kénitra,34.25,-6.5833,2026-09-19,34.4,17.5,0.0,0,17.1,45.0,1,Very Hot,Dry,Breezy,24.67
Kenitra,Rabat-Salé-Kénitra,34.25,-6.5833,2026-09-20,34.3,20.3,0.0,0,13.7,36.0,1,Very Hot,Dry,Breezy,22.85
Kenitra,Rabat-Salé-Kénitra,34.25,-6.5833,2026-09-21,34.2,20.2,0.0,0,14.0,37.8,0,Very Hot,Dry,Breezy,22.88
Kenitra,Rabat-Salé-Kénitra,34.25,-6.5833,2026-09-22,31.9,19.0,0.0,0,12.3,31.7,0,Hot,Dry,Breezy,19.15
Kenitra,Rabat-Salé-Kénitra,34.25,-6.5833,2026-09-23,30.1,19.0,0.0,0,12.4,29.2,0,Hot,Dry,Breezy,16.95
Kenitra,Rabat-Salé-Kénitra,34.25,-6.5833,2026-09-24,28.8,18.2,0.0,0,12.2,29.5,45,Hot,Dry,Breezy,15.22
Oujda-Angad,Oriental,34.6867,-1.9114,2026-09-18,28.1,16.3,0.0,3,20.9,44.6,3,Hot,Dry,Breezy,18.7
Oujda-Angad,Oriental,34.6867,-1.9114,2026-09-19,29.1,19.1,0.8,43,17.8,40.0,80,Hot,Light Rain,Breezy,19.0
Oujda-Angad,Oriental,34.6867,-1.9114,2026-09-20,29.7,18.9,0.8,33,16.7,36.4,80,Hot,Light Rain,Breezy,19.2
Oujda-Angad,Oriental,34.6867,-1.9114,2026-09-21,26.4,18.4,0.0,9,17.8,38.5,45,Hot,Dry,Breezy,15.02
Oujda-Angad,Oriental,34.6867,-1.9114,2026-09-22,29.5,15.1,0.0,1,16.4,37.4,2,Hot,Dry,Breezy,18.2
Oujda-Angad,Oriental,34.6867,-1.9114,2026-09-23,30.8,17.8,0.0,0,17.9,32.4,1,Hot,Dry,Breezy,20.57
Oujda-Angad,Oriental,34.6867,-1.9114,2026-09-24,33.0,16.5,0.0,0,20.1,36.4,0,Very Hot,Dry,Breezy,24.43
Tétouan,Tanger-Tétouan-Al Hoceïma,35.5667,-5.3667,2026-09-18,26.7,17.9,0.0,0,21.3,52.9,3,Hot,Dry,Breezy,17.15
Tétouan,Tanger-Tétouan-Al Hoceïma,35.5667,-5.3667,2026-09-19,25.9,22.4,0.0,3,31.6,74.2,2,Hot,Dry,Strong Wind,21.3
Tétouan,Tanger-Tétouan-Al Hoceïma,35.5667,-5.3667,2026-09-20,26.3,23.0,0.0,5,24.9,64.8,3,Hot,Dry,Breezy,18.45
Tétouan,Tanger-Tétouan-Al Hoceïma,35.5667,-5.3667,2026-09-21,27.1,22.8,0.0,0,27.4,65.9,2,Hot,Dry,Breezy,20.7
Tétouan,Tanger-Tétouan-Al Hoceïma,35.5667,-5.3667,2026-09-22,26.9,21.2,0.0,0,20.1,47.9,2,Hot,Dry,Breezy,16.8
Tétouan,Tanger-Tétouan-Al Hoceïma,35.5667,-5.3667,2026-09-23,27.4,20.8,0.0,0,17.6,45.7,2,Hot,Dry,Breezy,16.18
Tétouan,Tanger-Tétouan-Al Hoceïma,35.5667,-5.3667,2026-09-24,28.3,19.3,0.0,0,14.6,38.2,45,Hot,Dry,Breezy,15.8
Safi,Marrakech-Safi,32.2833,-9.2333,2026-09-18,25.4,18.2,0.0,0,21.7,38.9,1,Hot,Dry,Breezy,15.72
Safi,Marrakech-Safi,32.2833,-9.2333,2026-09-19,26.6,19.2,0.0,0,18.1,33.8,2,Hot,Dry,Breezy,15.43
Safi,Marrakech-Safi,32.2833,-9.2333,2026-09-20,25.0,19.9,0.0,0,8.6,18.0,2,Hot,Dry,Calm,8.67
Safi,Marrakech-Safi,32.2833,-9.2333,2026-09-21,26.6,18.6,0.0,0,10.9,21.6,45,Hot,Dry,Breezy,11.83
Safi,Marrakech-Safi,32.2833,-9.2333,2026-09-22,25.6,18.8,0.0,0,11.7,24.5,45,Hot,Dry,Breezy,10.98
Safi,Marrakech-Safi,32.2833,-9.2333,2026-09-23,28.3,19.6,0.0,0,14.1,27.4,45,Hot,Dry,Breezy,15.55
Safi,Marrakech-Safi,32.2833,-9.2333,2026-09-24,26.4,18.7,0.0,3,13.9,26.3,45,Hot,Dry,Breezy,13.07
Taourirt,Oriental,34.41,-2.89,2026-09-18,29.5,18.1,0.0,0,32.0,53.6,3,Hot,Dry,Strong Wind,26.0
Taourirt,Oriental,34.41,-2.89,2026-09-19,30.6,20.1,0.3,23,29.0,48.2,80,Hot,Light Rain,Breezy,26.1
Taourirt,Oriental,34.41,-2.89,2026-09-20,31.2,21.4,0.0,0,30.8,50.8,45,Hot,Dry,Strong Wind,27.52
Taourirt,Oriental,34.41,-2.89,2026-09-21,28.7,20.4,0.0,10,25.5,44.6,3,Hot,Dry,Breezy,21.75
Taourirt,Oriental,34.41,-2.89,2026-09-22,31.0,17.9,0.0,0,23.4,44.6,1,Hot,Dry,Breezy,23.57
Taourirt,Oriental,34.41,-2.89,2026-09-23,31.8,19.1,0.0,0,22.1,39.6,0,Hot,Dry,Breezy,23.93
Taourirt,Oriental,34.41,-2.89,2026-09-24,33.7,18.1,0.0,0,20.2,35.6,0,Very Hot,Dry,Breezy,25.35
Temara,Rabat-Salé-Kénitra,33.9234,-6.9076,2026-09-18,25.5,15.6,0.0,0,14.0,37.4,45,Hot,Dry,Breezy,14.38
Temara,Rabat-Salé-Kénitra,33.9234,-6.9076,2026-09-19,29.6,17.0,0.0,0,14.3,37.8,1,Hot,Dry,Breezy,17.28
Temara,Rabat-Salé-Kénitra,33.9234,-6.9076,2026-09-20,29.9,19.6,0.0,0,10.9,30.6,1,Hot,Dry,Breezy,15.95
Temara,Rabat-Salé-Kénitra,33.9234,-6.9076,2026-09-21,30.4,20.5,0.0,0,12.2,32.0,1,Hot,Dry,Breezy,17.22
Temara,Rabat-Salé-Kénitra,33.9234,-6.9076,2026-09-22,29.8,19.8,0.0,0,11.0,29.9,0,Hot,Dry,Breezy,15.88
Temara,Rabat-Salé-Kénitra,33.9234,-6.9076,2026-09-23,26.4,19.4,0.0,0,12.0,24.8,0,Hot,Dry,Breezy,12.12
Temara,Rabat-Salé-Kénitra,33.9234,-6.9076,2026-09-24,25.9,19.0,0.0,0,11.6,25.9,45,Hot,Dry,Breezy,11.3
Laâyoune,Laâyoune-Sakia El Hamra,27.15,-13.2,2026-09-18,28.0,19.8,0.1,0,29.3,56.9,51,Hot,Light Rain,Breezy,22.85
Laâyoune,Laâyoune-Sakia El Hamra,27.15,-13.2,2026-09-19,29.0,18.3,0.0,0,23.8,47.5,2,Hot,Dry,Breezy,21.27
Laâyoune,Laâyoune-Sakia El Hamra,27.15,-13.2,2026-09-20,32.2,18.6,0.0,0,18.9,38.9,3,Very Hot,Dry,Breezy,22.83
Laâyoune,Laâyoune-Sakia El Hamra,27.15,-13.2,2026-09-21,36.5,20.6,0.0,0,22.8,44.6,0,Very Hot,Dry,Breezy,30.15
Laâyoune,Laâyoune-Sakia El Hamra,27.15,-13.2,2026-09-22,35.6,21.4,0.0,2,26.8,51.8,1,Very Hot,Dry,Breezy,31.03
Laâyoune,Laâyoune-Sakia El Hamra,27.15,-13.2,2026-09-23,38.6,21.2,0.0,2,23.5,46.1,0,Very Hot,Dry,Breezy,33.13
Laâyoune,Laâyoune-Sakia El Hamra,27.15,-13.2,2026-09-24,39.6,23.3,0.0,4,26.0,54.7,3,Very Hot,Dry,Breezy,35.62
El Jadid,Casablanca-Settat,33.2566,-8.5025,2026-09-18,23.9,19.3,0.0,0,18.3,33.1,2,Moderate,Dry,Breezy,12.15
El Jadid,Casablanca-Settat,33.2566,-8.5025,2026-09-19,25.4,20.6,0.0,0,15.2,28.1,2,Hot,Dry,Breezy,12.47
El Jadid,Casablanca-Settat,33.2566,-8.5025,2026-09-20,27.2,20.3,0.0,0,12.0,22.7,2,Hot,Dry,Breezy,13.12
El Jadid,Casablanca-Settat,33.2566,-8.5025,2026-09-21,26.7,21.3,0.0,0,13.4,24.5,45,Hot,Dry,Breezy,13.2
El Jadid,Casablanca-Settat,33.2566,-8.5025,2026-09-22,26.4,20.8,0.0,0,11.8,22.0,45,Hot,Dry,Breezy,12.03
El Jadid,Casablanca-Settat,33.2566,-8.5025,2026-09-23,27.1,19.9,0.0,0,13.2,26.6,45,Hot,Dry,Breezy,13.6
El Jadid,Casablanca-Settat,33.2566,-8.5025,2026-09-24,27.4,19.9,0.0,0,12.5,24.8,45,Hot,Dry,Breezy,13.62
Ait Melloul,Souss-Massa,30.3342,-9.4972,2026-09-18,26.0,19.3,0.0,0,17.6,35.3,3,Hot,Dry,Breezy,14.43
Ait Melloul,Souss-Massa,30.3342,-9.4972,2026-09-19,26.0,20.1,0.0,0,20.3,40.3,2,Hot,Dry,Breezy,15.78
Ait Melloul,Souss-Massa,30.3342,-9.4972,2026-09-20,26.6,20.0,0.0,0,18.4,36.4,45,Hot,Dry,Breezy,15.57
Ait Melloul,Souss-Massa,30.3342,-9.4972,2026-09-21,33.1,21.2,0.0,0,14.6,31.0,3,Very Hot,Dry,Breezy,21.8
Ait Melloul,Souss-Massa,30.3342,-9.4972,2026-09-22,32.0,21.1,0.0,0,17.7,36.4,0,Very Hot,Dry,Breezy,21.98
Ait Melloul,Souss-Massa,30.3342,-9.4972,2026-09-23,35.8,20.3,0.0,0,13.6,27.7,2,Very Hot,Dry,Breezy,24.67
Ait Melloul,Souss-Massa,30.3342,-9.4972,2026-09-24,34.3,18.4,0.0,0,13.6,27.7,45,Very Hot,Dry,Breezy,22.8
Béni Mellal,Béni Mellal-Khénifra,32.3394,-6.3608,2026-09-18,31.4,18.6,0.0,0,9.0,28.8,3,Hot,Dry,Calm,16.88
Béni Mellal,Béni Mellal-Khénifra,32.3394,-6.3608,2026-09-19,35.4,22.7,0.0,5,14.1,31.3,3,Very Hot,Dry,Breezy,24.43
Béni Mellal,Béni Mellal-Khénifra,32.3394,-6.3608,2026-09-20,35.7,24.4,0.2,10,18.7,43.9,3,Very Hot,Light Rain,Breezy,27.25
Béni Mellal,Béni Mellal-Khénifra,32.3394,-6.3608,2026-09-21,35.3,24.2,0.0,3,18.7,40.0,3,Very Hot,Dry,Breezy,26.6
Béni Mellal,Béni Mellal-Khénifra,32.3394,-6.3608,2026-09-22,34.2,24.0,0.0,0,17.6,37.8,3,Very Hot,Dry,Breezy,24.68
Béni Mellal,Béni Mellal-Khénifra,32.3394,-6.3608,2026-09-23,36.0,23.3,0.0,0,16.7,32.4,0,Very Hot,Dry,Breezy,26.47
Béni Mellal,Béni Mellal-Khénifra,32.3394,-6.3608,2026-09-24,36.3,25.3,0.0,0,16.6,31.7,3,Very Hot,Dry,Breezy,26.8
Bouskoura,Casablanca-Settat,33.4489,-7.6486,2026-09-18,26.6,17.1,0.0,0,15.6,38.2,3,Hot,Dry,Breezy,14.18
Bouskoura,Casablanca-Settat,33.4489,-7.6486,2026-09-19,30.0,18.6,0.0,0,15.0,37.4,45,Hot,Dry,Breezy,18.13
Bouskoura,Casablanca-Settat,33.4489,-7.6486,2026-09-20,33.6,20.0,0.0,0,14.8,37.1,2,Very Hot,Dry,Breezy,22.53
Bouskoura,Casablanca-Settat,33.4489,-7.6486,2026-09-21,33.0,21.2,0.0,0,14.7,37.8,1,Very Hot,Dry,Breezy,21.73
Bouskoura,Casablanca-Settat,33.4489,-7.6486,2026-09-22,32.5,20.2,0.0,0,13.4,33.8,45,Very Hot,Dry,Breezy,20.45
Bouskoura,Casablanca-Settat,33.4489,-7.6486,2026-09-23,28.5,18.5,0.0,0,12.1,31.7,45,Hot,Dry,Breezy,14.8
Bouskoura,Casablanca-Settat,33.4489,-7.6486,2026-09-24,28.5,18.9,0.0,0,11.6,31.0,45,Hot,Dry,Breezy,14.55
Tiznit,Souss-Massa,29.7,-9.7269,2026-09-18,24.9,18.8,0.0,0,19.9,33.8,2,Moderate,Dry,Breezy,14.2
Tiznit,Souss-Massa,29.7,-9.7269,2026-09-19,27.2,19.0,0.0,0,17.5,29.5,1,Hot,Dry,Breezy,15.88
Tiznit,Souss-Massa,29.7,-9.7269,2026-09-20,29.0,20.1,0.0,0,11.0,20.5,3,Hot,Dry,Breezy,14.88
Tiznit,Souss-Massa,29.7,-9.7269,2026-09-21,33.9,21.9,0.0,0,15.3,25.9,2,Very Hot,Dry,Breezy,23.15
Tiznit,Souss-Massa,29.7,-9.7269,2026-09-22,32.8,23.4,0.0,0,16.7,29.2,0,Very Hot,Dry,Breezy,22.47
Tiznit,Souss-Massa,29.7,-9.7269,2026-09-23,28.7,19.8,0.0,0,13.0,22.7,45,Hot,Dry,Breezy,15.5
Tiznit,Souss-Massa,29.7,-9.7269,2026-09-24,27.4,17.8,0.0,0,13.3,22.3,45,Hot,Dry,Breezy,14.02
Mohammedia,Casablanca-Settat,33.6833,-7.3833,2026-09-18,24.5,17.1,0.0,0,13.9,35.3,3,Moderate,Dry,Breezy,12.45
Mohammedia,Casablanca-Settat,33.6833,-7.3833,2026-09-19,26.9,17.7,0.0,0,12.6,31.0,45,Hot,Dry,Breezy,13.05
Mohammedia,Casablanca-Settat,33.6833,-7.3833,2026-09-20,28.5,19.8,0.0,0,11.8,28.8,2,Hot,Dry,Breezy,14.65
Mohammedia,Casablanca-Settat,33.6833,-7.3833,2026-09-21,27.8,20.5,0.0,0,11.8,29.9,1,Hot,Dry,Breezy,13.78
Mohammedia,Casablanca-Settat,33.6833,-7.3833,2026-09-22,27.9,20.0,0.0,0,11.5,28.1,45,Hot,Dry,Breezy,13.75
Mohammedia,Casablanca-Settat,33.6833,-7.3833,2026-09-23,30.5,19.4,0.0,0,16.7,31.3,45,Hot,Dry,Breezy,19.6
Mohammedia,Casablanca-Settat,33.6833,-7.3833,2026-09-24,30.9,18.5,0.0,0,16.4,31.0,45,Hot,Dry,Breezy,19.95
Kouribga,Béni Mellal-Khénifra,32.88,-6.9,2026-09-18,29.7,15.0,0.0,0,19.6,37.4,3,Hot,Dry,Breezy,20.05
Kouribga,Béni Mellal-Khénifra,32.88,-6.9,2026-09-19,34.2,18.5,0.0,0,20.7,42.8,2,Very Hot,Dry,Breezy,26.22
Kouribga,Béni Mellal-Khénifra,32.88,-6.9,2026-09-20,34.4,21.5,0.4,5,21.4,41.0,80,Very Hot,Light Rain,Breezy,27.12
Kouribga,Béni Mellal-Khénifra,32.88,-6.9,2026-09-21,33.4,21.2,0.6,8,17.5,40.0,2,Very Hot,Light Rain,Breezy,24.07
Kouribga,Béni Mellal-Khénifra,32.88,-6.9,2026-09-22,33.7,21.1,0.0,1,17.1,32.0,2,Very Hot,Dry,Breezy,23.8
Kouribga,Béni Mellal-Khénifra,32.88,-6.9,2026-09-23,34.0,17.7,0.0,0,18.4,35.6,1,Very Hot,Dry,Breezy,24.82
Kouribga,Béni Mellal-Khénifra,32.88,-6.9,2026-09-24,34.0,17.6,0.0,0,15.6,31.7,3,Very Hot,Dry,Breezy,23.43
Settat,Casablanca-Settat,33.0023,-7.6198,2026-09-18,29.4,15.9,0.0,0,18.5,39.2,3,Hot,Dry,Breezy,19.12
Settat,Casablanca-Settat,33.0023,-7.6198,2026-09-19,34.1,17.6,0.0,0,16.3,34.9,2,Very Hot,Dry,Breezy,23.9
Settat,Casablanca-Settat,33.0023,-7.6198,2026-09-20,36.0,20.6,0.0,0,18.2,38.2,2,Very Hot,Dry,Breezy,27.22
Settat,Casablanca-Settat,33.0023,-7.6198,2026-09-21,36.4,22.0,0.0,5,15.8,37.1,2,Very Hot,Dry,Breezy,26.52
Settat,Casablanca-Settat,33.0023,-7.6198,2026-09-22,35.7,19.9,0.0,1,14.8,36.4,1,Very Hot,Dry,Breezy,25.15
Settat,Casablanca-Settat,33.0023,-7.6198,2026-09-23,34.4,17.7,0.0,0,18.4,37.8,0,Very Hot,Dry,Breezy,25.32
Settat,Casablanca-Settat,33.0023,-7.6198,2026-09-24,33.4,18.7,0.0,0,15.5,31.3,3,Very Hot,Dry,Breezy,22.62
Barrechid,Casablanca-Settat,33.27,-7.5872,2026-09-18,29.0,15.8,0.0,0,19.1,34.9,3,Hot,Dry,Breezy,18.93
Barrechid,Casablanca-Settat,33.27,-7.5872,2026-09-19,33.4,17.1,0.0,0,17.4,31.7,2,Very Hot,Dry,Breezy,23.57
Barrechid,Casablanca-Settat,33.27,-7.5872,2026-09-20,36.2,18.9,0.0,0,19.9,36.0,2,Very Hot,Dry,Breezy,28.32
Barrechid,Casablanca-Settat,33.27,-7.5872,2026-09-21,35.4,20.2,0.0,0,18.4,37.8,2,Very Hot,Dry,Breezy,26.57
Barrechid,Casablanca-Settat,33.27,-7.5872,2026-09-22,35.3,19.2,0.0,0,17.3,32.8,1,Very Hot,Dry,Breezy,25.9
Barrechid,Casablanca-Settat,33.27,-7.5872,2026-09-23,33.2,17.6,0.0,0,19.3,36.0,45,Very Hot,Dry,Breezy,24.28
Barrechid,Casablanca-Settat,33.27,-7.5872,2026-09-24,32.4,18.7,0.0,0,17.0,31.3,45,Very Hot,Dry,Breezy,22.12
Ad Dakhla,Dakhla-Oued Ed-Dahab,23.7167,-15.95,2026-09-18,21.3,20.5,0.0,0,35.9,44.6,0,Moderate,Dry,Strong Wind,19.2
Ad Dakhla,Dakhla-Oued Ed-Dahab,23.7167,-15.95,2026-09-19,21.2,19.9,0.0,0,29.2,36.4,0,Moderate,Dry,Breezy,16.6
Ad Dakhla,Dakhla-Oued Ed-Dahab,23.7167,-15.95,2026-09-20,21.6,19.5,0.0,0,28.2,34.9,0,Moderate,Dry,Breezy,16.6
Ad Dakhla,Dakhla-Oued Ed-Dahab,23.7167,-15.95,2026-09-21,21.6,20.3,0.0,14,29.6,37.1,0,Moderate,Dry,Breezy,16.3
Ad Dakhla,Dakhla-Oued Ed-Dahab,23.7167,-15.95,2026-09-22,22.0,20.4,0.0,18,31.3,40.0,0,Moderate,Dry,Strong Wind,17.03
Ad Dakhla,Dakhla-Oued Ed-Dahab,23.7167,-15.95,2026-09-23,22.1,20.2,0.0,4,29.0,38.2,0,Moderate,Dry,Breezy,16.12
Ad Dakhla,Dakhla-Oued Ed-Dahab,23.7167,-15.95,2026-09-24,23.0,20.5,0.0,8,22.9,35.6,3,Moderate,Dry,Breezy,13.32
Nador,Oriental,35.1667,-2.9333,2026-09-18,25.2,21.8,1.6,3,16.0,36.0,80,Hot,Light Rain,Breezy,13.82
Nador,Oriental,35.1667,-2.9333,2026-09-19,25.2,22.8,5.9,3,20.9,50.4,80,Hot,Moderate Rain,Breezy,19.5
Nador,Oriental,35.1667,-2.9333,2026-09-20,25.7,23.1,7.5,18,24.3,51.5,95,Hot,Moderate Rain,Breezy,23.02
Nador,Oriental,35.1667,-2.9333,2026-09-21,26.0,23.2,0.0,8,15.5,37.1,3,Hot,Dry,Breezy,13.38
Nador,Oriental,35.1667,-2.9333,2026-09-22,25.9,21.7,0.0,0,13.5,30.2,2,Hot,Dry,Breezy,12.25
Nador,Oriental,35.1667,-2.9333,2026-09-23,27.1,19.7,0.0,0,15.5,28.1,45,Hot,Dry,Breezy,14.75
Nador,Oriental,35.1667,-2.9333,2026-09-24,27.9,16.2,0.0,0,12.7,26.3,45,Hot,Dry,Breezy,14.35
Taza,Fès-Meknès,34.2144,-4.0088,2026-09-18,29.2,17.4,0.0,0,18.8,39.2,2,Hot,Dry,Breezy,19.02
Taza,Fès-Meknès,34.2144,-4.0088,2026-09-19,29.3,19.3,0.0,5,23.8,50.0,3,Hot,Dry,Breezy,21.65
Taza,Fès-Meknès,34.2144,-4.0088,2026-09-20,30.2,20.8,0.0,0,19.4,41.8,3,Hot,Dry,Breezy,20.57
Taza,Fès-Meknès,34.2144,-4.0088,2026-09-21,28.8,20.6,0.0,0,19.8,41.4,3,Hot,Dry,Breezy,19.03
Taza,Fès-Meknès,34.2144,-4.0088,2026-09-22,29.7,17.6,0.0,0,17.6,37.4,1,Hot,Dry,Breezy,19.05
Taza,Fès-Meknès,34.2144,-4.0088,2026-09-23,32.2,18.0,0.0,0,19.5,36.4,2,Very Hot,Dry,Breezy,23.13
Taza,Fès-Meknès,34.2144,-4.0088,2026-09-24,33.7,17.9,0.0,0,12.1,24.5,0,Very Hot,Dry,Breezy,21.3
Inezgane,Souss-Massa,30.3658,-9.5381,2026-09-18,24.7,19.0,0.0,0,12.4,34.9,2,Moderate,Dry,Breezy,10.2
Inezgane,Souss-Massa,30.3658,-9.5381,2026-09-19,24.7,19.8,0.0,0,15.1,40.7,45,Moderate,Dry,Breezy,11.55
Inezgane,Souss-Massa,30.3658,-9.5381,2026-09-20,25.6,19.6,0.0,0,13.7,39.2,45,Hot,Dry,Breezy,11.98
Inezgane,Souss-Massa,30.3658,-9.5381,2026-09-21,30.4,20.3,0.0,0,10.5,28.8,3,Hot,Dry,Breezy,16.38
Inezgane,Souss-Massa,30.3658,-9.5381,2026-09-22,30.2,20.9,0.0,0,11.7,35.6,45,Hot,Dry,Breezy,16.72
Inezgane,Souss-Massa,30.3658,-9.5381,2026-09-23,35.9,20.2,0.0,0,13.6,27.7,45,Very Hot,Dry,Breezy,24.8
Inezgane,Souss-Massa,30.3658,-9.5381,2026-09-24,34.3,18.5,0.0,0,13.6,27.7,45,Very Hot,Dry,Breezy,22.8
Larache,Tanger-Tétouan-Al Hoceïma,35.1833,-6.15,2026-09-18,27.7,14.4,0.0,0,15.9,29.9,45,Hot,Dry,Breezy,16.83
Larache,Tanger-Tétouan-Al Hoceïma,35.1833,-6.15,2026-09-19,35.1,18.6,0.0,0,21.1,37.8,1,Very Hot,Dry,Breezy,27.55
Larache,Tanger-Tétouan-Al Hoceïma,35.1833,-6.15,2026-09-20,34.5,23.0,0.0,0,15.6,28.8,1,Very Hot,Dry,Breezy,24.05
Larache,Tanger-Tétouan-Al Hoceïma,35.1833,-6.15,2026-09-21,33.0,22.5,0.0,0,15.0,27.7,1,Very Hot,Dry,Breezy,21.88
Larache,Tanger-Tétouan-Al Hoceïma,35.1833,-6.15,2026-09-22,31.8,18.8,0.0,0,17.5,32.8,0,Hot,Dry,Breezy,21.62
Larache,Tanger-Tétouan-Al Hoceïma,35.1833,-6.15,2026-09-23,31.9,18.1,0.0,0,15.8,29.9,1,Hot,Dry,Breezy,20.9
Larache,Tanger-Tétouan-Al Hoceïma,35.1833,-6.15,2026-09-24,30.7,16.3,0.0,0,14.3,26.6,3,Hot,Dry,Breezy,18.65
Al Khmissat,Rabat-Salé-Kénitra,33.81,-6.06,2026-09-18,30.0,15.4,0.0,0,17.3,36.4,3,Hot,Dry,Breezy,19.28
Al Khmissat,Rabat-Salé-Kénitra,33.81,-6.06,2026-09-19,35.1,18.4,0.0,0,14.5,30.2,2,Very Hot,Dry,Breezy,24.25
Al Khmissat,Rabat-Salé-Kénitra,33.81,-6.06,2026-09-20,36.1,21.2,0.0,0,15.4,31.7,2,Very Hot,Dry,Breezy,25.95
Al Khmissat,Rabat-Salé-Kénitra,33.81,-6.06,2026-09-21,35.9,20.8,0.0,0,14.5,30.2,0,Very Hot,Dry,Breezy,25.25
Al Khmissat,Rabat-Salé-Kénitra,33.81,-6.06,2026-09-22,34.2,19.6,0.0,0,14.7,32.0,0,Very Hot,Dry,Breezy,23.23
Al Khmissat,Rabat-Salé-Kénitra,33.81,-6.06,2026-09-23,34.5,17.7,0.0,0,15.1,28.8,0,Very Hot,Dry,Breezy,23.8
Al Khmissat,Rabat-Salé-Kénitra,33.81,-6.06,2026-09-24,35.2,16.3,0.0,0,17.2,33.5,3,Very Hot,Dry,Breezy,25.73
Guelmim,Guelmim-Oued Noun,28.9833,-10.0667,2026-09-18,28.1,17.2,0.0,0,23.7,41.8,1,Hot,Dry,Breezy,20.1
Guelmim,Guelmim-Oued Noun,28.9833,-10.0667,2026-09-19,30.1,17.6,0.0,0,21.4,38.5,3,Hot,Dry,Breezy,21.45
Guelmim,Guelmim-Oued Noun,28.9833,-10.0667,2026-09-20,36.9,18.7,0.0,0,18.7,33.5,1,Very Hot,Dry,Breezy,28.6
Guelmim,Guelmim-Oued Noun,28.9833,-10.0667,2026-09-21,39.7,23.4,0.0,0,24.8,42.5,2,Very Hot,Dry,Breezy,35.15
Guelmim,Guelmim-Oued Noun,28.9833,-10.0667,2026-09-22,39.0,24.4,0.0,0,22.5,41.4,1,Very Hot,Dry,Breezy,33.12
Guelmim,Guelmim-Oued Noun,28.9833,-10.0667,2026-09-23,38.2,23.9,0.0,2,19.9,36.0,2,Very Hot,Dry,Breezy,30.83
Guelmim,Guelmim-Oued Noun,28.9833,-10.0667,2026-09-24,38.3,21.4,0.0,0,23.6,42.1,2,Very Hot,Dry,Breezy,32.8
Ksar El Kebir,Tanger-Tétouan-Al Hoceïma,35.0,-5.9,2026-09-18,30.8,15.7,0.0,0,17.8,34.6,45,Hot,Dry,Breezy,20.52
Ksar El Kebir,Tanger-Tétouan-Al Hoceïma,35.0,-5.9,2026-09-19,36.0,18.2,0.0,0,12.0,20.5,1,Very Hot,Dry,Breezy,24.12
Ksar El Kebir,Tanger-Tétouan-Al Hoceïma,35.0,-5.9,2026-09-20,36.8,22.5,0.0,0,13.8,25.6,1,Very Hot,Dry,Breezy,26.02
Ksar El Kebir,Tanger-Tétouan-Al Hoceïma,35.0,-5.9,2026-09-21,35.7,22.8,0.0,0,13.4,28.4,1,Very Hot,Dry,Breezy,24.45
Ksar El Kebir,Tanger-Tétouan-Al Hoceïma,35.0,-5.9,2026-09-22,35.1,19.7,0.0,0,12.9,28.1,0,Very Hot,Dry,Breezy,23.45
Ksar El Kebir,Tanger-Tétouan-Al Hoceïma,35.0,-5.9,2026-09-23,35.3,19.3,0.0,0,15.9,32.4,0,Very Hot,Dry,Breezy,25.2
Ksar El Kebir,Tanger-Tétouan-Al Hoceïma,35.0,-5.9,2026-09-24,35.4,20.1,0.0,0,19.5,37.8,1,Very Hot,Dry,Breezy,27.12
Khénifra,Béni Mellal-Khénifra,32.93,-5.66,2026-09-18,32.0,14.8,0.0,0,18.9,36.4,3,Very Hot,Dry,Breezy,22.57
Khénifra,Béni Mellal-Khénifra,32.93,-5.66,2026-09-19,34.3,19.7,0.0,8,23.4,45.0,3,Very Hot,Dry,Breezy,27.7
Khénifra,Béni Mellal-Khénifra,32.93,-5.66,2026-09-20,33.8,20.2,0.0,3,19.3,40.3,3,Very Hot,Dry,Breezy,25.02
Khénifra,Béni Mellal-Khénifra,32.93,-5.66,2026-09-21,34.4,18.7,0.0,5,19.8,43.2,3,Very Hot,Dry,Breezy,26.02
Khénifra,Béni Mellal-Khénifra,32.93,-5.66,2026-09-22,32.5,17.3,0.0,3,14.1,35.3,3,Very Hot,Dry,Breezy,20.8
Khénifra,Béni Mellal-Khénifra,32.93,-5.66,2026-09-23,33.8,17.6,0.0,0,10.1,18.0,2,Very Hot,Dry,Breezy,20.42
Khénifra,Béni Mellal-Khénifra,32.93,-5.66,2026-09-24,34.4,18.6,0.0,0,14.4,28.4,1,Very Hot,Dry,Breezy,23.32
Skhirate,Rabat-Salé-Kénitra,33.85,-7.03,2026-09-18,24.1,16.1,0.0,0,15.8,35.3,2,Moderate,Dry,Breezy,14.65
Skhirate,Rabat-Salé-Kénitra,33.85,-7.03,2026-09-19,27.4,17.3,0.0,0,15.5,33.5,3,Hot,Dry,Breezy,15.12
Skhirate,Rabat-Salé-Kénitra,33.85,-7.03,2026-09-20,27.8,19.5,0.0,0,11.5,27.4,1,Hot,Dry,Breezy,13.63
Skhirate,Rabat-Salé-Kénitra,33.85,-7.03,2026-09-21,27.6,20.1,0.0,0,12.3,27.7,1,Hot,Dry,Breezy,13.78
Skhirate,Rabat-Salé-Kénitra,33.85,-7.03,2026-09-22,27.5,19.6,0.0,0,12.1,27.7,1,Hot,Dry,Breezy,13.55
Skhirate,Rabat-Salé-Kénitra,33.85,-7.03,2026-09-23,26.5,19.5,0.0,0,12.0,24.8,45,Hot,Dry,Breezy,12.25
Skhirate,Rabat-Salé-Kénitra,33.85,-7.03,2026-09-24,26.0,19.1,0.0,0,11.6,25.9,45,Hot,Dry,Breezy,11.43
Beni Yakhlef,Casablanca-Settat,33.6555,-7.3221,2026-09-18,26.0,15.5,0.0,0,19.2,35.3,3,Hot,Dry,Breezy,17.1
Beni Yakhlef,Casablanca-Settat,33.6555,-7.3221,2026-09-19,29.0,16.7,0.0,0,17.1,31.7,2,Hot,Dry,Breezy,17.93
Beni Yakhlef,Casablanca-Settat,33.6555,-7.3221,2026-09-20,32.3,19.1,0.0,0,16.3,30.2,1,Very Hot,Dry,Breezy,21.65
Beni Yakhlef,Casablanca-Settat,33.6555,-7.3221,2026-09-21,31.5,20.2,0.0,0,16.5,31.7,1,Hot,Dry,Breezy,20.75
Beni Yakhlef,Casablanca-Settat,33.6555,-7.3221,2026-09-22,31.7,19.2,0.0,0,16.0,29.9,0,Hot,Dry,Breezy,20.75
Beni Yakhlef,Casablanca-Settat,33.6555,-7.3221,2026-09-23,29.9,18.8,0.0,0,16.7,31.3,45,Hot,Dry,Breezy,18.85
Beni Yakhlef,Casablanca-Settat,33.6555,-7.3221,2026-09-24,30.4,17.9,0.0,0,16.4,31.0,45,Hot,Dry,Breezy,19.32
Sidi Yahya Zaer,Rabat-Salé-Kénitra,33.7105,-6.8831,2026-09-18,27.6,14.9,0.0,0,18.9,38.5,3,Hot,Dry,Breezy,17.7
Sidi Yahya Zaer,Rabat-Salé-Kénitra,33.7105,-6.8831,2026-09-19,32.6,17.2,0.0,0,17.8,36.4,2,Very Hot,Dry,Breezy,22.78
Sidi Yahya Zaer,Rabat-Salé-Kénitra,33.7105,-6.8831,2026-09-20,34.0,20.2,0.0,0,17.7,36.0,1,Very Hot,Dry,Breezy,24.47
Sidi Yahya Zaer,Rabat-Salé-Kénitra,33.7105,-6.8831,2026-09-21,34.2,20.6,0.0,0,18.4,37.8,1,Very Hot,Dry,Breezy,25.08
Sidi Yahya Zaer,Rabat-Salé-Kénitra,33.7105,-6.8831,2026-09-22,33.2,20.1,0.0,0,17.6,35.3,1,Very Hot,Dry,Breezy,23.43
Sidi Yahya Zaer,Rabat-Salé-Kénitra,33.7105,-6.8831,2026-09-23,32.2,17.4,0.0,0,16.6,33.8,0,Very Hot,Dry,Breezy,21.68
Sidi Yahya Zaer,Rabat-Salé-Kénitra,33.7105,-6.8831,2026-09-24,31.2,17.1,0.0,0,16.0,33.8,3,Hot,Dry,Breezy,20.12
Ben Guerir,Marrakech-Safi,32.23,-7.95,2026-09-18,30.2,16.2,0.0,0,14.8,29.9,3,Hot,Dry,Breezy,18.27
Ben Guerir,Marrakech-Safi,32.23,-7.95,2026-09-19,34.8,20.0,0.0,0,15.0,30.6,2,Very Hot,Dry,Breezy,24.12
Ben Guerir,Marrakech-Safi,32.23,-7.95,2026-09-20,36.0,23.6,0.0,10,16.9,33.8,2,Very Hot,Dry,Breezy,26.57
Ben Guerir,Marrakech-Safi,32.23,-7.95,2026-09-21,37.0,23.3,0.0,3,20.3,40.0,3,Very Hot,Dry,Breezy,29.53
Ben Guerir,Marrakech-Safi,32.23,-7.95,2026-09-22,35.9,21.1,0.0,0,13.5,28.4,0,Very Hot,Dry,Breezy,24.75
Ben Guerir,Marrakech-Safi,32.23,-7.95,2026-09-23,35.8,19.8,0.0,0,20.0,35.3,0,Very Hot,Dry,Breezy,27.87
Ben Guerir,Marrakech-Safi,32.23,-7.95,2026-09-24,34.6,19.1,0.0,0,16.5,29.5,3,Very Hot,Dry,Breezy,24.63
Ait Ali,Souss-Massa,30.1739,-9.4881,2026-09-18,25.9,19.0,0.0,0,23.3,38.2,3,Hot,Dry,Breezy,17.15
Ait Ali,Souss-Massa,30.1739,-9.4881,2026-09-19,26.5,19.7,0.0,0,21.2,35.3,2,Hot,Dry,Breezy,16.85
Ait Ali,Souss-Massa,30.1739,-9.4881,2026-09-20,27.1,20.0,0.0,0,19.1,31.3,45,Hot,Dry,Breezy,16.55
Ait Ali,Souss-Massa,30.1739,-9.4881,2026-09-21,34.8,21.5,0.0,0,18.6,33.1,3,Very Hot,Dry,Breezy,25.92
Ait Ali,Souss-Massa,30.1739,-9.4881,2026-09-22,32.8,21.8,0.0,0,21.5,37.4,0,Very Hot,Dry,Breezy,24.87
Ait Ali,Souss-Massa,30.1739,-9.4881,2026-09-23,31.1,20.9,0.0,0,16.0,29.2,1,Hot,Dry,Breezy,20.0
Ait Ali,Souss-Massa,30.1739,-9.4881,2026-09-24,30.0,18.3,0.0,0,17.5,30.6,45,Hot,Dry,Breezy,19.37
My Drarga,Souss-Massa,30.3805,-9.4763,2026-09-18,25.9,18.9,0.0,0,15.5,34.6,2,Hot,Dry,Breezy,13.25
My Drarga,Souss-Massa,30.3805,-9.4763,2026-09-19,26.1,19.6,0.0,0,17.6,39.2,45,Hot,Dry,Breezy,14.55
My Drarga,Souss-Massa,30.3805,-9.4763,2026-09-20,27.3,19.8,0.0,0,15.0,33.1,45,Hot,Dry,Breezy,14.75
My Drarga,Souss-Massa,30.3805,-9.4763,2026-09-21,34.1,21.1,0.0,0,11.8,27.0,3,Very Hot,Dry,Breezy,21.65
My Drarga,Souss-Massa,30.3805,-9.4763,2026-09-22,32.8,22.1,0.0,0,16.2,36.4,45,Very Hot,Dry,Breezy,22.22
My Drarga,Souss-Massa,30.3805,-9.4763,2026-09-23,35.7,20.2,0.0,0,13.6,27.7,45,Very Hot,Dry,Breezy,24.55
My Drarga,Souss-Massa,30.3805,-9.4763,2026-09-24,34.2,18.3,0.0,0,13.6,27.7,45,Very Hot,Dry,Breezy,22.68
Lqoliaa,Souss-Massa,30.2942,-9.4544,2026-09-18,26.6,18.9,0.0,0,18.7,40.7,3,Hot,Dry,Breezy,15.72
Lqoliaa,Souss-Massa,30.2942,-9.4544,2026-09-19,26.8,19.6,0.0,0,21.0,46.8,2,Hot,Dry,Breezy,17.12
Lqoliaa,Souss-Massa,30.2942,-9.4544,2026-09-20,27.5,19.6,0.0,0,19.5,42.1,45,Hot,Dry,Breezy,17.25
Lqoliaa,Souss-Massa,30.2942,-9.4544,2026-09-21,36.5,20.9,0.0,0,16.8,37.4,3,Very Hot,Dry,Breezy,27.15
Lqoliaa,Souss-Massa,30.2942,-9.4544,2026-09-22,35.3,20.9,0.0,0,18.9,41.8,0,Very Hot,Dry,Breezy,26.7
Lqoliaa,Souss-Massa,30.2942,-9.4544,2026-09-23,30.6,19.5,0.0,0,15.7,36.0,2,Hot,Dry,Breezy,19.23
Lqoliaa,Souss-Massa,30.2942,-9.4544,2026-09-24,28.7,17.6,0.0,0,17.1,38.5,45,Hot,Dry,Breezy,17.55
El Kelaa des Srarhna,Marrakech-Safi,32.05,-7.4,2026-09-18,31.4,17.7,0.0,0,13.3,23.4,3,Hot,Dry,Breezy,19.02
El Kelaa des Srarhna,Marrakech-Safi,32.05,-7.4,2026-09-19,36.1,20.6,0.0,5,14.5,25.2,2,Very Hot,Dry,Breezy,25.5
El Kelaa des Srarhna,Marrakech-Safi,32.05,-7.4,2026-09-20,37.3,23.1,0.2,20,20.2,35.3,3,Very Hot,Light Rain,Breezy,30.0
El Kelaa des Srarhna,Marrakech-Safi,32.05,-7.4,2026-09-21,36.8,22.4,0.0,4,14.5,24.8,2,Very Hot,Dry,Breezy,26.38
El Kelaa des Srarhna,Marrakech-Safi,32.05,-7.4,2026-09-22,36.3,22.3,0.0,0,15.8,27.0,2,Very Hot,Dry,Breezy,26.4
El Kelaa des Srarhna,Marrakech-Safi,32.05,-7.4,2026-09-23,35.8,19.6,0.0,0,13.4,24.1,0,Very Hot,Dry,Breezy,24.57
El Kelaa des Srarhna,Marrakech-Safi,32.05,-7.4,2026-09-24,35.4,17.9,0.0,3,15.4,26.3,3,Very Hot,Dry,Breezy,25.07
Moulay Abdallah,Casablanca-Settat,33.1978,-8.5883,2026-09-18,25.0,19.4,0.0,0,20.2,32.4,2,Hot,Dry,Breezy,14.47
Moulay Abdallah,Casablanca-Settat,33.1978,-8.5883,2026-09-19,26.9,20.5,0.0,0,17.7,27.0,2,Hot,Dry,Breezy,15.6
Moulay Abdallah,Casablanca-Settat,33.1978,-8.5883,2026-09-20,27.8,20.3,0.0,0,12.5,20.5,45,Hot,Dry,Breezy,14.13
Moulay Abdallah,Casablanca-Settat,33.1978,-8.5883,2026-09-21,27.8,20.9,0.0,0,13.7,23.0,45,Hot,Dry,Breezy,14.72
Moulay Abdallah,Casablanca-Settat,33.1978,-8.5883,2026-09-22,26.7,20.7,0.0,0,12.5,19.1,45,Hot,Dry,Breezy,12.75
Moulay Abdallah,Casablanca-Settat,33.1978,-8.5883,2026-09-23,27.4,19.5,0.0,0,13.7,27.0,45,Hot,Dry,Breezy,14.22
Moulay Abdallah,Casablanca-Settat,33.1978,-8.5883,2026-09-24,26.7,19.6,0.0,0,12.0,23.0,45,Hot,Dry,Breezy,12.5
Tiflet,Rabat-Salé-Kénitra,33.9,-6.33,2026-09-18,29.5,15.5,0.0,0,17.5,36.0,3,Hot,Dry,Breezy,18.75
Tiflet,Rabat-Salé-Kénitra,33.9,-6.33,2026-09-19,34.9,18.5,0.0,0,16.3,35.6,2,Very Hot,Dry,Breezy,24.9
Tiflet,Rabat-Salé-Kénitra,33.9,-6.33,2026-09-20,36.0,21.4,0.0,0,17.4,36.0,1,Very Hot,Dry,Breezy,26.82
Tiflet,Rabat-Salé-Kénitra,33.9,-6.33,2026-09-21,36.0,21.0,0.0,3,15.7,34.9,0,Very Hot,Dry,Breezy,25.97
Tiflet,Rabat-Salé-Kénitra,33.9,-6.33,2026-09-22,34.1,19.7,0.0,0,14.3,30.2,0,Very Hot,Dry,Breezy,22.9
Tiflet,Rabat-Salé-Kénitra,33.9,-6.33,2026-09-23,34.8,21.0,0.0,0,15.7,31.3,0,Very Hot,Dry,Breezy,24.47
Tiflet,Rabat-Salé-Kénitra,33.9,-6.33,2026-09-24,34.2,18.8,0.0,0,17.6,35.3,3,Very Hot,Dry,Breezy,24.68
Oulad Teïma,Souss-Massa,30.4,-9.21,2026-09-18,28.9,18.3,0.0,0,23.3,43.2,2,Hot,Dry,Breezy,20.9
Oulad Teïma,Souss-Massa,30.4,-9.21,2026-09-19,29.4,19.2,0.0,0,25.3,50.0,2,Hot,Dry,Breezy,22.52
Oulad Teïma,Souss-Massa,30.4,-9.21,2026-09-20,31.2,19.3,0.0,0,23.8,44.3,45,Hot,Dry,Breezy,24.03
Oulad Teïma,Souss-Massa,30.4,-9.21,2026-09-21,39.7,21.0,0.0,0,19.5,37.1,3,Very Hot,Dry,Breezy,32.5
Oulad Teïma,Souss-Massa,30.4,-9.21,2026-09-22,38.4,20.5,0.0,0,30.1,56.5,0,Very Hot,Dry,Strong Wind,36.18
Oulad Teïma,Souss-Massa,30.4,-9.21,2026-09-23,35.6,19.9,0.0,0,26.0,44.3,0,Very Hot,Dry,Breezy,30.63
Oulad Teïma,Souss-Massa,30.4,-9.21,2026-09-24,32.3,16.3,0.0,0,27.0,45.7,45,Very Hot,Dry,Breezy,27.0
Berkane,Oriental,34.9167,-2.3167,2026-09-18,26.3,18.4,0.0,0,17.9,37.8,45,Hot,Dry,Breezy,14.95
Berkane,Oriental,34.9167,-2.3167,2026-09-19,26.8,20.2,0.0,13,21.7,44.3,45,Hot,Dry,Breezy,17.48
Berkane,Oriental,34.9167,-2.3167,2026-09-20,27.1,21.1,0.0,13,17.9,39.2,45,Hot,Dry,Breezy,15.95
Berkane,Oriental,34.9167,-2.3167,2026-09-21,26.4,19.3,0.0,13,18.9,38.5,45,Hot,Dry,Breezy,15.57
Berkane,Oriental,34.9167,-2.3167,2026-09-22,27.1,17.5,0.0,1,15.1,34.9,1,Hot,Dry,Breezy,14.55
Berkane,Oriental,34.9167,-2.3167,2026-09-23,28.1,18.8,0.0,0,11.8,22.7,1,Hot,Dry,Breezy,14.15
Berkane,Oriental,34.9167,-2.3167,2026-09-24,29.6,17.6,0.0,0,10.6,21.2,0,Hot,Dry,Breezy,15.43
Ain El Aouda,Rabat-Salé-Kénitra,33.8111,-6.7922,2026-09-18,27.6,14.9,0.0,0,17.5,35.3,3,Hot,Dry,Breezy,17.0
Ain El Aouda,Rabat-Salé-Kénitra,33.8111,-6.7922,2026-09-19,33.0,16.1,0.0,0,17.7,35.3,1,Very Hot,Dry,Breezy,23.22
Ain El Aouda,Rabat-Salé-Kénitra,33.8111,-6.7922,2026-09-20,33.7,18.7,0.0,0,15.8,32.0,1,Very Hot,Dry,Breezy,23.15
Ain El Aouda,Rabat-Salé-Kénitra,33.8111,-6.7922,2026-09-21,34.1,19.6,0.0,0,17.6,34.9,1,Very Hot,Dry,Breezy,24.55
Ain El Aouda,Rabat-Salé-Kénitra,33.8111,-6.7922,2026-09-22,33.2,19.2,0.0,0,15.0,30.2,0,Very Hot,Dry,Breezy,22.13
Ain El Aouda,Rabat-Salé-Kénitra,33.8111,-6.7922,2026-09-23,33.3,17.3,0.0,0,16.9,32.4,0,Very Hot,Dry,Breezy,23.2
Ain El Aouda,Rabat-Salé-Kénitra,33.8111,-6.7922,2026-09-24,32.2,17.5,0.0,0,16.1,32.0,3,Very Hot,Dry,Breezy,21.43
Errachidia,Drâa-Tafilalet,31.9319,-4.4244,2026-09-18,31.1,18.7,4.0,25,29.1,60.8,80,Hot,Moderate Rain,Breezy,29.55
Errachidia,Drâa-Tafilalet,31.9319,-4.4244,2026-09-19,29.2,19.0,1.4,43,13.8,31.0,80,Hot,Light Rain,Breezy,17.57
Errachidia,Drâa-Tafilalet,31.9319,-4.4244,2026-09-20,29.6,18.7,0.0,20,10.3,22.0,3,Hot,Dry,Breezy,15.28
Errachidia,Drâa-Tafilalet,31.9319,-4.4244,2026-09-21,31.3,19.4,0.3,40,9.6,21.6,3,Hot,Light Rain,Calm,17.28
Errachidia,Drâa-Tafilalet,31.9319,-4.4244,2026-09-22,29.4,19.9,0.0,15,10.3,22.3,3,Hot,Dry,Breezy,15.02
Errachidia,Drâa-Tafilalet,31.9319,-4.4244,2026-09-23,30.0,19.3,0.0,7,10.7,19.8,2,Hot,Dry,Breezy,15.97
Errachidia,Drâa-Tafilalet,31.9319,-4.4244,2026-09-24,31.2,19.4,0.0,7,13.3,25.2,2,Hot,Dry,Breezy,18.77
Al Fqih Ben Çalah,Béni Mellal-Khénifra,32.507,-6.6886,2026-09-18,34.0,16.4,0.0,0,14.0,26.3,3,Very Hot,Dry,Breezy,22.62
Al Fqih Ben Çalah,Béni Mellal-Khénifra,32.507,-6.6886,2026-09-19,37.9,19.9,0.0,3,13.3,26.6,2,Very Hot,Dry,Breezy,27.15
Al Fqih Ben Çalah,Béni Mellal-Khénifra,32.507,-6.6886,2026-09-20,38.3,22.2,0.6,13,19.1,36.0,80,Very Hot,Light Rain,Breezy,31.0
Al Fqih Ben Çalah,Béni Mellal-Khénifra,32.507,-6.6886,2026-09-21,37.5,21.0,0.0,6,16.5,29.9,3,Very Hot,Dry,Breezy,28.25
Al Fqih Ben Çalah,Béni Mellal-Khénifra,32.507,-6.6886,2026-09-22,36.7,21.0,0.0,3,14.2,28.4,2,Very Hot,Dry,Breezy,26.1
Al Fqih Ben Çalah,Béni Mellal-Khénifra,32.507,-6.6886,2026-09-23,37.6,17.8,0.0,2,8.5,18.0,0,Very Hot,Dry,Calm,24.38
Al Fqih Ben Çalah,Béni Mellal-Khénifra,32.507,-6.6886,2026-09-24,37.5,15.9,0.0,0,8.9,17.6,3,Very Hot,Dry,Calm,24.45
Ad Darwa,Casablanca-Settat,33.4167,-7.5333,2026-09-18,27.1,16.7,0.0,0,17.0,33.8,3,Hot,Dry,Breezy,15.5
Ad Darwa,Casablanca-Settat,33.4167,-7.5333,2026-09-19,30.6,18.1,0.0,0,16.5,32.0,45,Hot,Dry,Breezy,19.63
Ad Darwa,Casablanca-Settat,33.4167,-7.5333,2026-09-20,34.5,19.8,0.0,0,16.1,32.0,2,Very Hot,Dry,Breezy,24.3
Ad Darwa,Casablanca-Settat,33.4167,-7.5333,2026-09-21,33.6,21.0,0.0,0,16.1,32.8,1,Very Hot,Dry,Breezy,23.18
Ad Darwa,Casablanca-Settat,33.4167,-7.5333,2026-09-22,33.2,19.8,0.0,0,14.7,29.2,45,Very Hot,Dry,Breezy,21.98
Ad Darwa,Casablanca-Settat,33.4167,-7.5333,2026-09-23,33.1,17.8,0.0,0,18.8,36.4,45,Very Hot,Dry,Breezy,23.9
Ad Darwa,Casablanca-Settat,33.4167,-7.5333,2026-09-24,32.8,18.6,0.0,0,17.3,33.1,45,Very Hot,Dry,Breezy,22.77
Martil,Tanger-Tétouan-Al Hoceïma,35.61,-5.27,2026-09-18,25.0,19.1,0.0,13,19.4,42.1,80,Hot,Dry,Breezy,14.07
Martil,Tanger-Tétouan-Al Hoceïma,35.61,-5.27,2026-09-19,24.8,22.2,1.6,43,27.0,62.3,3,Moderate,Light Rain,Breezy,18.83
Martil,Tanger-Tétouan-Al Hoceïma,35.61,-5.27,2026-09-20,24.8,22.8,4.1,50,23.9,53.3,80,Moderate,Moderate Rain,Breezy,19.15
Martil,Tanger-Tétouan-Al Hoceïma,35.61,-5.27,2026-09-21,25.7,22.2,0.0,8,22.5,52.2,2,Hot,Dry,Breezy,16.5
Martil,Tanger-Tétouan-Al Hoceïma,35.61,-5.27,2026-09-22,25.1,21.6,0.0,0,17.3,39.6,2,Hot,Dry,Breezy,13.15
Martil,Tanger-Tétouan-Al Hoceïma,35.61,-5.27,2026-09-23,25.0,20.8,0.0,0,13.8,24.5,45,Hot,Dry,Breezy,11.28
Martil,Tanger-Tétouan-Al Hoceïma,35.61,-5.27,2026-09-24,25.3,19.9,0.0,0,11.7,20.9,45,Hot,Dry,Breezy,10.6
Sidi Slimane,Rabat-Salé-Kénitra,34.26,-5.93,2026-09-18,32.4,16.3,0.0,0,17.4,37.4,45,Very Hot,Dry,Breezy,22.32
Sidi Slimane,Rabat-Salé-Kénitra,34.26,-5.93,2026-09-19,37.3,19.4,0.0,0,18.6,40.0,1,Very Hot,Dry,Breezy,29.05
Sidi Slimane,Rabat-Salé-Kénitra,34.26,-5.93,2026-09-20,38.3,24.0,0.0,0,15.0,33.1,0,Very Hot,Dry,Breezy,28.5
Sidi Slimane,Rabat-Salé-Kénitra,34.26,-5.93,2026-09-21,37.6,23.0,0.0,0,15.0,30.2,0,Very Hot,Dry,Breezy,27.62
Sidi Slimane,Rabat-Salé-Kénitra,34.26,-5.93,2026-09-22,36.4,21.7,0.0,0,13.7,24.8,0,Very Hot,Dry,Breezy,25.47
Sidi Slimane,Rabat-Salé-Kénitra,34.26,-5.93,2026-09-23,37.0,18.5,0.0,0,16.1,31.0,0,Very Hot,Dry,Breezy,27.43
Sidi Slimane,Rabat-Salé-Kénitra,34.26,-5.93,2026-09-24,37.1,17.2,0.0,0,15.0,34.6,3,Very Hot,Dry,Breezy,27.0
Oued Zem,Béni Mellal-Khénifra,32.8619,-6.5711,2026-09-18,31.1,15.3,0.0,0,18.2,37.8,3,Hot,Dry,Breezy,21.1
Oued Zem,Béni Mellal-Khénifra,32.8619,-6.5711,2026-09-19,34.5,19.5,0.0,3,21.7,40.7,3,Very Hot,Dry,Breezy,27.1
Oued Zem,Béni Mellal-Khénifra,32.8619,-6.5711,2026-09-20,34.3,22.7,0.2,5,18.8,41.8,3,Very Hot,Light Rain,Breezy,25.55
Oued Zem,Béni Mellal-Khénifra,32.8619,-6.5711,2026-09-21,34.3,21.4,0.0,1,16.8,37.8,2,Very Hot,Dry,Breezy,24.4
Oued Zem,Béni Mellal-Khénifra,32.8619,-6.5711,2026-09-22,33.8,20.9,0.0,0,14.0,31.7,3,Very Hot,Dry,Breezy,22.37
Oued Zem,Béni Mellal-Khénifra,32.8619,-6.5711,2026-09-23,34.0,18.7,0.0,0,14.7,32.8,1,Very Hot,Dry,Breezy,22.98
Oued Zem,Béni Mellal-Khénifra,32.8619,-6.5711,2026-09-24,34.1,18.6,0.0,0,13.9,30.2,3,Very Hot,Dry,Breezy,22.7
Sefrou,Fès-Meknès,33.83,-4.83,2026-09-18,28.1,16.4,0.0,0,16.6,36.4,3,Hot,Dry,Breezy,16.55
Sefrou,Fès-Meknès,33.83,-4.83,2026-09-19,31.4,19.3,0.2,13,17.7,40.7,3,Hot,Light Rain,Breezy,21.38
Sefrou,Fès-Meknès,33.83,-4.83,2026-09-20,31.7,20.2,0.0,0,17.3,38.9,1,Hot,Dry,Breezy,21.4
Sefrou,Fès-Meknès,33.83,-4.83,2026-09-21,30.6,20.3,0.0,0,16.0,37.8,3,Hot,Dry,Breezy,19.38
Sefrou,Fès-Meknès,33.83,-4.83,2026-09-22,30.0,19.2,0.0,0,15.8,34.2,3,Hot,Dry,Breezy,18.52
Sefrou,Fès-Meknès,33.83,-4.83,2026-09-23,31.8,18.4,0.0,0,11.7,24.1,1,Hot,Dry,Breezy,18.73
Sefrou,Fès-Meknès,33.83,-4.83,2026-09-24,32.6,16.9,0.0,0,15.8,30.6,0,Very Hot,Dry,Breezy,21.77
Taroudannt,Souss-Massa,30.4711,-8.8778,2026-09-18,30.2,18.2,0.0,0,20.5,41.8,2,Hot,Dry,Breezy,21.12
Taroudannt,Souss-Massa,30.4711,-8.8778,2026-09-19,31.5,19.3,0.0,0,23.8,49.0,3,Hot,Dry,Breezy,24.4
Taroudannt,Souss-Massa,30.4711,-8.8778,2026-09-20,35.7,20.6,0.0,0,23.2,47.2,2,Very Hot,Dry,Breezy,29.35
Taroudannt,Souss-Massa,30.4711,-8.8778,2026-09-21,40.3,22.3,0.0,0,25.5,55.8,3,Extreme Hot,Dry,Breezy,36.25
Taroudannt,Souss-Massa,30.4711,-8.8778,2026-09-22,38.7,22.1,0.0,0,31.1,64.8,1,Very Hot,Dry,Strong Wind,37.05
Taroudannt,Souss-Massa,30.4711,-8.8778,2026-09-23,38.5,20.2,0.0,0,26.0,47.5,0,Very Hot,Dry,Breezy,34.25
Taroudannt,Souss-Massa,30.4711,-8.8778,2026-09-24,37.7,17.6,0.0,0,23.7,45.0,0,Very Hot,Dry,Breezy,32.1
Essaouira,Marrakech-Safi,31.513,-9.7687,2026-09-18,23.6,18.7,0.0,0,29.0,54.4,0,Moderate,Dry,Breezy,18.0
Essaouira,Marrakech-Safi,31.513,-9.7687,2026-09-19,24.4,18.9,0.0,0,21.6,40.7,2,Moderate,Dry,Breezy,14.42
Essaouira,Marrakech-Safi,31.513,-9.7687,2026-09-20,24.9,19.3,0.0,0,11.4,22.7,45,Moderate,Dry,Breezy,9.95
Essaouira,Marrakech-Safi,31.513,-9.7687,2026-09-21,25.2,19.1,0.0,0,8.7,19.1,45,Hot,Dry,Calm,8.97
Essaouira,Marrakech-Safi,31.513,-9.7687,2026-09-22,23.3,17.8,0.0,0,10.7,23.0,45,Moderate,Dry,Breezy,9.97
Essaouira,Marrakech-Safi,31.513,-9.7687,2026-09-23,27.4,17.6,0.0,0,10.7,22.3,45,Hot,Dry,Breezy,12.72
Essaouira,Marrakech-Safi,31.513,-9.7687,2026-09-24,27.2,17.8,0.0,0,10.9,22.0,45,Hot,Dry,Breezy,12.57
Azrou,Fès-Meknès,33.4344,-5.2213,2026-09-18,26.4,13.5,0.0,0,16.1,35.3,3,Hot,Dry,Breezy,18.05
Azrou,Fès-Meknès,33.4344,-5.2213,2026-09-19,28.7,18.3,0.4,33,17.4,39.2,3,Hot,Light Rain,Breezy,18.0
Azrou,Fès-Meknès,33.4344,-5.2213,2026-09-20,28.6,17.8,0.2,22,17.1,44.3,3,Hot,Light Rain,Breezy,17.58
Azrou,Fès-Meknès,33.4344,-5.2213,2026-09-21,28.1,16.6,0.0,5,18.7,41.4,3,Hot,Dry,Breezy,17.6
Azrou,Fès-Meknès,33.4344,-5.2213,2026-09-22,27.1,14.7,0.0,1,15.7,40.0,3,Hot,Dry,Breezy,16.35
Azrou,Fès-Meknès,33.4344,-5.2213,2026-09-23,28.0,17.5,0.0,0,12.7,33.5,1,Hot,Dry,Breezy,14.47
Azrou,Fès-Meknès,33.4344,-5.2213,2026-09-24,29.2,18.3,0.0,0,15.5,38.2,3,Hot,Dry,Breezy,17.38
Guercif,Oriental,34.23,-3.36,2026-09-18,30.3,18.3,0.0,0,28.6,53.3,3,Hot,Dry,Breezy,25.3
Guercif,Oriental,34.23,-3.36,2026-09-19,30.5,20.8,0.0,15,26.3,51.1,3,Hot,Dry,Breezy,24.4
Guercif,Oriental,34.23,-3.36,2026-09-20,31.7,21.5,0.0,0,30.8,59.4,3,Hot,Dry,Strong Wind,28.15
Guercif,Oriental,34.23,-3.36,2026-09-21,29.4,20.6,0.0,3,27.3,50.8,3,Hot,Dry,Breezy,23.52
Guercif,Oriental,34.23,-3.36,2026-09-22,31.3,17.7,0.0,0,23.8,45.0,1,Hot,Dry,Breezy,24.15
Guercif,Oriental,34.23,-3.36,2026-09-23,32.9,18.2,0.0,0,25.7,45.0,2,Very Hot,Dry,Breezy,27.1
Guercif,Oriental,34.23,-3.36,2026-09-24,34.6,18.2,0.0,0,20.7,37.4,0,Very Hot,Dry,Breezy,26.72
Warzat,Drâa-Tafilalet,30.9167,-6.9167,2026-09-18,31.6,16.6,0.0,3,13.7,24.1,3,Hot,Dry,Breezy,19.48
Warzat,Drâa-Tafilalet,30.9167,-6.9167,2026-09-19,31.4,19.6,0.0,15,26.6,49.0,3,Hot,Dry,Breezy,25.67
Warzat,Drâa-Tafilalet,30.9167,-6.9167,2026-09-20,31.3,19.3,0.1,30,18.1,67.3,3,Hot,Light Rain,Breezy,21.38
Warzat,Drâa-Tafilalet,30.9167,-6.9167,2026-09-21,31.1,19.5,1.3,20,16.2,37.4,80,Hot,Light Rain,Breezy,21.08
Warzat,Drâa-Tafilalet,30.9167,-6.9167,2026-09-22,32.7,17.4,0.0,5,27.1,54.0,1,Very Hot,Dry,Breezy,27.55
Warzat,Drâa-Tafilalet,30.9167,-6.9167,2026-09-23,32.3,15.7,0.0,3,7.4,16.9,2,Very Hot,Dry,Calm,17.2
Warzat,Drâa-Tafilalet,30.9167,-6.9167,2026-09-24,33.0,17.3,0.0,3,12.1,20.9,3,Very Hot,Dry,Breezy,20.42
Fnidq,Tanger-Tétouan-Al Hoceïma,35.8414,-5.3587,2026-09-18,24.5,19.0,0.5,13,17.4,34.2,80,Moderate,Light Rain,Breezy,12.83
Fnidq,Tanger-Tétouan-Al Hoceïma,35.8414,-5.3587,2026-09-19,24.6,21.3,0.5,43,25.7,48.6,3,Moderate,Light Rain,Breezy,17.1
Fnidq,Tanger-Tétouan-Al Hoceïma,35.8414,-5.3587,2026-09-20,24.5,21.9,1.6,50,22.9,44.3,80,Moderate,Light Rain,Breezy,16.4
Fnidq,Tanger-Tétouan-Al Hoceïma,35.8414,-5.3587,2026-09-21,25.0,21.6,0.1,8,19.2,37.1,2,Hot,Light Rain,Breezy,14.05
Fnidq,Tanger-Tétouan-Al Hoceïma,35.8414,-5.3587,2026-09-22,25.0,20.8,0.0,0,17.8,35.3,2,Hot,Dry,Breezy,13.27
Fnidq,Tanger-Tétouan-Al Hoceïma,35.8414,-5.3587,2026-09-23,25.0,20.4,0.0,0,13.8,24.5,45,Hot,Dry,Breezy,11.28
Fnidq,Tanger-Tétouan-Al Hoceïma,35.8414,-5.3587,2026-09-24,25.3,19.9,0.0,0,11.7,20.9,45,Hot,Dry,Breezy,10.6
Tan-Tan,Guelmim-Oued Noun,28.4333,-11.1,2026-09-18,25.7,19.7,0.0,0,26.9,49.3,2,Hot,Dry,Breezy,18.7
Tan-Tan,Guelmim-Oued Noun,28.4333,-11.1,2026-09-19,26.7,19.2,0.0,0,20.2,38.9,3,Hot,Dry,Breezy,16.6
Tan-Tan,Guelmim-Oued Noun,28.4333,-11.1,2026-09-20,32.1,18.0,0.0,0,18.6,36.7,3,Very Hot,Dry,Breezy,22.55
Tan-Tan,Guelmim-Oued Noun,28.4333,-11.1,2026-09-21,34.2,19.0,0.0,0,26.5,47.2,0,Very Hot,Dry,Breezy,29.12
Tan-Tan,Guelmim-Oued Noun,28.4333,-11.1,2026-09-22,34.3,18.9,0.0,0,17.5,40.3,2,Very Hot,Dry,Breezy,24.75
Tan-Tan,Guelmim-Oued Noun,28.4333,-11.1,2026-09-23,37.0,20.9,0.0,2,23.4,43.2,2,Very Hot,Dry,Breezy,31.07
Tan-Tan,Guelmim-Oued Noun,28.4333,-11.1,2026-09-24,37.2,21.4,0.0,0,18.8,45.4,2,Very Hot,Dry,Breezy,29.03
Sidi Qacem,Rabat-Salé-Kénitra,34.21,-5.7,2026-09-18,32.2,17.1,0.0,0,14.0,32.4,3,Very Hot,Dry,Breezy,20.38
Sidi Qacem,Rabat-Salé-Kénitra,34.21,-5.7,2026-09-19,36.7,21.3,0.0,0,18.7,40.0,1,Very Hot,Dry,Breezy,28.35
Sidi Qacem,Rabat-Salé-Kénitra,34.21,-5.7,2026-09-20,37.7,25.4,0.0,0,15.6,33.1,1,Very Hot,Dry,Breezy,28.05
Sidi Qacem,Rabat-Salé-Kénitra,34.21,-5.7,2026-09-21,36.9,23.9,0.0,0,11.5,26.3,0,Very Hot,Dry,Breezy,25.0
Sidi Qacem,Rabat-Salé-Kénitra,34.21,-5.7,2026-09-22,35.9,22.7,0.0,0,8.3,19.1,0,Very Hot,Dry,Calm,22.15
Sidi Qacem,Rabat-Salé-Kénitra,34.21,-5.7,2026-09-23,36.5,20.2,0.0,0,9.7,20.5,0,Very Hot,Dry,Calm,23.6
Sidi Qacem,Rabat-Salé-Kénitra,34.21,-5.7,2026-09-24,36.9,20.2,0.0,0,13.2,40.0,3,Very Hot,Dry,Breezy,25.85
M’diq,Tanger-Tétouan-Al Hoceïma,35.68,-5.32,2026-09-18,24.8,19.0,0.0,0,19.4,42.1,80,Moderate,Dry,Breezy,13.83
M’diq,Tanger-Tétouan-Al Hoceïma,35.68,-5.32,2026-09-19,24.7,22.0,1.6,3,27.0,62.3,3,Moderate,Light Rain,Breezy,18.7
M’diq,Tanger-Tétouan-Al Hoceïma,35.68,-5.32,2026-09-20,24.6,22.6,4.1,5,23.9,53.3,80,Moderate,Moderate Rain,Breezy,18.9
M’diq,Tanger-Tétouan-Al Hoceïma,35.68,-5.32,2026-09-21,25.6,22.0,0.0,0,22.5,52.2,2,Hot,Dry,Breezy,16.38
M’diq,Tanger-Tétouan-Al Hoceïma,35.68,-5.32,2026-09-22,25.0,21.5,0.0,0,17.3,39.6,2,Hot,Dry,Breezy,13.03
M’diq,Tanger-Tétouan-Al Hoceïma,35.68,-5.32,2026-09-23,27.7,21.1,0.0,0,17.6,45.7,2,Hot,Dry,Breezy,16.55
M’diq,Tanger-Tétouan-Al Hoceïma,35.68,-5.32,2026-09-24,28.6,19.6,0.0,0,14.6,38.2,45,Hot,Dry,Breezy,16.18
Youssoufia,Marrakech-Safi,32.25,-8.53,2026-09-18,30.0,16.5,0.0,0,17.1,36.0,1,Hot,Dry,Breezy,19.18
Youssoufia,Marrakech-Safi,32.25,-8.53,2026-09-19,34.0,17.3,0.0,0,15.9,33.5,2,Very Hot,Dry,Breezy,23.58
Youssoufia,Marrakech-Safi,32.25,-8.53,2026-09-20,35.1,21.4,0.0,0,17.9,37.8,2,Very Hot,Dry,Breezy,25.95
Youssoufia,Marrakech-Safi,32.25,-8.53,2026-09-21,37.3,22.1,0.0,0,16.6,38.9,2,Very Hot,Dry,Breezy,28.05
Youssoufia,Marrakech-Safi,32.25,-8.53,2026-09-22,36.4,19.8,0.0,0,16.6,41.0,0,Very Hot,Dry,Breezy,26.92
Youssoufia,Marrakech-Safi,32.25,-8.53,2026-09-23,34.8,18.2,0.0,0,18.5,37.8,45,Very Hot,Dry,Breezy,25.87
Youssoufia,Marrakech-Safi,32.25,-8.53,2026-09-24,33.0,19.0,0.0,3,16.6,32.0,45,Very Hot,Dry,Breezy,22.68
Midalt,Drâa-Tafilalet,32.68,-4.74,2026-09-18,27.6,12.9,0.0,15,25.3,43.6,3,Hot,Dry,Breezy,23.4
Midalt,Drâa-Tafilalet,32.68,-4.74,2026-09-19,27.0,13.6,1.8,58,25.5,46.8,80,Hot,Light Rain,Breezy,23.98
Midalt,Drâa-Tafilalet,32.68,-4.74,2026-09-20,28.4,14.9,0.1,33,19.5,53.6,3,Hot,Light Rain,Breezy,18.45
Midalt,Drâa-Tafilalet,32.68,-4.74,2026-09-21,28.6,14.3,0.0,7,21.4,39.6,3,Hot,Dry,Breezy,19.7
Midalt,Drâa-Tafilalet,32.68,-4.74,2026-09-22,27.0,14.1,0.0,8,19.6,39.6,3,Hot,Dry,Breezy,19.05
Midalt,Drâa-Tafilalet,32.68,-4.74,2026-09-23,28.0,13.3,0.0,0,14.4,23.0,3,Hot,Dry,Breezy,17.45
Midalt,Drâa-Tafilalet,32.68,-4.74,2026-09-24,29.6,13.3,0.0,3,20.3,32.8,2,Hot,Dry,Breezy,20.4
Aïn Harrouda,Casablanca-Settat,33.6372,-7.4483,2026-09-18,25.3,17.1,0.0,0,14.0,37.1,3,Hot,Dry,Breezy,12.5
Aïn Harrouda,Casablanca-Settat,33.6372,-7.4483,2026-09-19,27.7,17.9,0.0,0,12.1,32.8,45,Hot,Dry,Breezy,13.8
Aïn Harrouda,Casablanca-Settat,33.6372,-7.4483,2026-09-20,30.6,19.9,0.0,0,11.6,32.0,2,Hot,Dry,Breezy,17.18
Aïn Harrouda,Casablanca-Settat,33.6372,-7.4483,2026-09-21,29.8,20.7,0.0,0,11.3,33.1,2,Hot,Dry,Breezy,16.02
Aïn Harrouda,Casablanca-Settat,33.6372,-7.4483,2026-09-22,29.8,20.2,0.0,0,11.3,30.6,45,Hot,Dry,Breezy,16.02
Aïn Harrouda,Casablanca-Settat,33.6372,-7.4483,2026-09-23,28.0,19.4,0.0,0,12.9,29.9,45,Hot,Dry,Breezy,14.57
Aïn Harrouda,Casablanca-Settat,33.6372,-7.4483,2026-09-24,29.0,18.8,0.0,0,12.8,29.9,45,Hot,Dry,Breezy,15.78
Souq Sebt Oulad Nemma,Béni Mellal-Khénifra,32.3,-6.7,2026-09-18,33.9,17.7,0.0,0,12.0,20.9,3,Very Hot,Dry,Breezy,21.5
Souq Sebt Oulad Nemma,Béni Mellal-Khénifra,32.3,-6.7,2026-09-19,38.0,20.6,0.0,3,13.9,24.8,2,Very Hot,Dry,Breezy,27.57
Souq Sebt Oulad Nemma,Béni Mellal-Khénifra,32.3,-6.7,2026-09-20,38.4,22.8,0.5,20,19.0,36.0,80,Very Hot,Light Rain,Breezy,31.0
Souq Sebt Oulad Nemma,Béni Mellal-Khénifra,32.3,-6.7,2026-09-21,37.5,22.0,0.0,6,11.9,31.3,3,Very Hot,Dry,Breezy,25.95
Souq Sebt Oulad Nemma,Béni Mellal-Khénifra,32.3,-6.7,2026-09-22,37.0,23.1,0.0,0,14.9,26.3,2,Very Hot,Dry,Breezy,26.82
Souq Sebt Oulad Nemma,Béni Mellal-Khénifra,32.3,-6.7,2026-09-23,37.9,19.4,0.0,2,11.7,20.9,0,Very Hot,Dry,Breezy,26.35
Souq Sebt Oulad Nemma,Béni Mellal-Khénifra,32.3,-6.7,2026-09-24,37.7,17.2,0.0,0,9.3,18.7,3,Very Hot,Dry,Calm,24.9
Mehdya,Rabat-Salé-Kénitra,34.2557,-6.6745,2026-09-18,26.3,15.6,0.0,0,16.0,35.6,45,Hot,Dry,Breezy,15.38
Mehdya,Rabat-Salé-Kénitra,34.2557,-6.6745,2026-09-19,34.2,17.8,0.0,0,18.4,41.4,1,Very Hot,Dry,Breezy,25.08
Mehdya,Rabat-Salé-Kénitra,34.2557,-6.6745,2026-09-20,33.3,20.8,0.0,0,13.0,30.2,1,Very Hot,Dry,Breezy,21.25
Mehdya,Rabat-Salé-Kénitra,34.2557,-6.6745,2026-09-21,34.3,20.6,0.0,0,14.2,32.4,0,Very Hot,Dry,Breezy,23.1
Mehdya,Rabat-Salé-Kénitra,34.2557,-6.6745,2026-09-22,29.9,19.1,0.0,0,12.1,28.1,1,Hot,Dry,Breezy,16.55
Mehdya,Rabat-Salé-Kénitra,34.2557,-6.6745,2026-09-23,30.1,19.1,0.0,0,12.4,29.2,0,Hot,Dry,Breezy,16.95
Mehdya,Rabat-Salé-Kénitra,34.2557,-6.6745,2026-09-24,28.8,18.2,0.0,0,12.2,29.5,45,Hot,Dry,Breezy,15.22
Ouezzane,Tanger-Tétouan-Al Hoceïma,34.8,-5.6,2026-09-18,30.8,14.1,0.0,0,15.1,29.5,3,Hot,Dry,Breezy,19.18
Ouezzane,Tanger-Tétouan-Al Hoceïma,34.8,-5.6,2026-09-19,35.4,17.5,0.0,0,18.6,38.9,1,Very Hot,Dry,Breezy,26.67
Ouezzane,Tanger-Tétouan-Al Hoceïma,34.8,-5.6,2026-09-20,36.2,20.8,0.0,0,13.8,28.4,2,Very Hot,Dry,Breezy,25.28
Ouezzane,Tanger-Tétouan-Al Hoceïma,34.8,-5.6,2026-09-21,35.3,20.6,0.0,0,13.0,23.4,0,Very Hot,Dry,Breezy,23.75
Ouezzane,Tanger-Tétouan-Al Hoceïma,34.8,-5.6,2026-09-22,34.6,18.0,0.0,0,9.2,19.1,0,Very Hot,Dry,Calm,20.97
Ouezzane,Tanger-Tétouan-Al Hoceïma,34.8,-5.6,2026-09-23,36.1,18.8,0.0,0,14.5,29.2,0,Very Hot,Dry,Breezy,25.5
Ouezzane,Tanger-Tétouan-Al Hoceïma,34.8,-5.6,2026-09-24,36.6,18.2,0.0,0,15.0,35.6,1,Very Hot,Dry,Breezy,26.38
Semara,Laâyoune-Sakia El Hamra,26.7394,-11.6703,2026-09-18,30.7,19.8,0.0,0,25.1,43.9,3,Hot,Dry,Breezy,24.05
Semara,Laâyoune-Sakia El Hamra,26.7394,-11.6703,2026-09-19,32.0,18.4,0.0,0,20.5,33.1,3,Very Hot,Dry,Breezy,23.38
Semara,Laâyoune-Sakia El Hamra,26.7394,-11.6703,2026-09-20,37.4,18.8,0.0,0,19.6,33.1,1,Very Hot,Dry,Breezy,29.67
Semara,Laâyoune-Sakia El Hamra,26.7394,-11.6703,2026-09-21,41.3,23.9,0.0,10,23.0,40.3,1,Extreme Hot,Dry,Breezy,36.25
Semara,Laâyoune-Sakia El Hamra,26.7394,-11.6703,2026-09-22,41.7,24.6,0.0,4,28.8,50.8,2,Extreme Hot,Dry,Breezy,39.4
Semara,Laâyoune-Sakia El Hamra,26.7394,-11.6703,2026-09-23,41.6,26.8,0.0,8,26.3,47.9,1,Extreme Hot,Dry,Breezy,38.15
Semara,Laâyoune-Sakia El Hamra,26.7394,-11.6703,2026-09-24,40.9,26.6,0.0,2,19.7,44.6,3,Extreme Hot,Dry,Breezy,34.1
Ait Ourir,Marrakech-Safi,31.5644,-7.6628,2026-09-18,30.1,16.6,0.0,0,9.6,19.8,3,Hot,Dry,Calm,15.55
Ait Ourir,Marrakech-Safi,31.5644,-7.6628,2026-09-19,35.0,19.6,0.6,23,11.2,22.0,80,Very Hot,Light Rain,Breezy,22.93
Ait Ourir,Marrakech-Safi,31.5644,-7.6628,2026-09-20,35.6,22.1,0.3,45,12.9,25.6,80,Very Hot,Light Rain,Breezy,24.3
Ait Ourir,Marrakech-Safi,31.5644,-7.6628,2026-09-21,35.4,22.3,0.0,7,16.1,31.3,2,Very Hot,Dry,Breezy,25.42
Ait Ourir,Marrakech-Safi,31.5644,-7.6628,2026-09-22,34.9,22.6,0.0,3,17.3,32.0,1,Very Hot,Dry,Breezy,25.4
Ait Ourir,Marrakech-Safi,31.5644,-7.6628,2026-09-23,35.0,18.8,0.0,2,13.0,25.6,0,Very Hot,Dry,Breezy,23.38
Ait Ourir,Marrakech-Safi,31.5644,-7.6628,2026-09-24,34.5,18.4,0.0,0,10.9,22.0,0,Very Hot,Dry,Breezy,21.7
Oulad Tayeb,Fès-Meknès,33.9598,-4.9954,2026-09-18,31.1,17.3,0.0,0,13.7,26.6,3,Hot,Dry,Breezy,18.85
Oulad Tayeb,Fès-Meknès,33.9598,-4.9954,2026-09-19,33.5,19.6,0.0,3,22.2,41.4,2,Very Hot,Dry,Breezy,26.1
Oulad Tayeb,Fès-Meknès,33.9598,-4.9954,2026-09-20,34.9,20.9,0.0,0,15.2,29.5,1,Very Hot,Dry,Breezy,24.35
Oulad Tayeb,Fès-Meknès,33.9598,-4.9954,2026-09-21,34.0,20.7,0.0,0,15.9,31.0,3,Very Hot,Dry,Breezy,23.58
Oulad Tayeb,Fès-Meknès,33.9598,-4.9954,2026-09-22,33.3,19.6,0.0,0,11.4,22.7,3,Very Hot,Dry,Breezy,20.45
Oulad Tayeb,Fès-Meknès,33.9598,-4.9954,2026-09-23,34.2,19.6,0.0,0,7.5,21.6,0,Very Hot,Dry,Calm,19.63
Oulad Tayeb,Fès-Meknès,33.9598,-4.9954,2026-09-24,35.1,20.8,0.0,0,11.5,29.2,0,Very Hot,Dry,Breezy,22.75
Tit Mellil,Casablanca-Settat,33.5533,-7.4822,2026-09-18,25.1,17.4,0.0,0,14.6,37.8,3,Hot,Dry,Breezy,12.43
Tit Mellil,Casablanca-Settat,33.5533,-7.4822,2026-09-19,27.7,18.0,0.0,0,12.8,34.9,45,Hot,Dry,Breezy,14.15
Tit Mellil,Casablanca-Settat,33.5533,-7.4822,2026-09-20,31.4,19.8,0.0,0,12.6,33.8,2,Hot,Dry,Breezy,18.67
Tit Mellil,Casablanca-Settat,33.5533,-7.4822,2026-09-21,30.6,20.7,0.0,0,12.0,35.3,1,Hot,Dry,Breezy,17.38
Tit Mellil,Casablanca-Settat,33.5533,-7.4822,2026-09-22,30.4,20.1,0.0,0,11.7,32.0,45,Hot,Dry,Breezy,16.97
Tit Mellil,Casablanca-Settat,33.5533,-7.4822,2026-09-23,28.7,18.8,0.0,0,12.1,31.7,45,Hot,Dry,Breezy,15.05
Tit Mellil,Casablanca-Settat,33.5533,-7.4822,2026-09-24,28.7,19.0,0.0,0,11.6,31.0,45,Hot,Dry,Breezy,14.8
Sidi Bennour,Casablanca-Settat,32.655,-8.4292,2026-09-18,29.4,16.1,0.0,0,20.8,36.4,45,Hot,Dry,Breezy,20.27
Sidi Bennour,Casablanca-Settat,32.655,-8.4292,2026-09-19,33.7,17.2,0.0,0,19.4,33.8,3,Very Hot,Dry,Breezy,24.95
Sidi Bennour,Casablanca-Settat,32.655,-8.4292,2026-09-20,34.9,18.9,0.0,0,18.2,31.7,2,Very Hot,Dry,Breezy,25.85
Sidi Bennour,Casablanca-Settat,32.655,-8.4292,2026-09-21,36.2,19.8,0.0,0,16.7,31.0,2,Very Hot,Dry,Breezy,26.72
Sidi Bennour,Casablanca-Settat,32.655,-8.4292,2026-09-22,36.2,17.8,0.0,0,16.4,31.3,45,Very Hot,Dry,Breezy,26.58
Sidi Bennour,Casablanca-Settat,32.655,-8.4292,2026-09-23,34.3,18.3,0.0,3,17.3,33.1,45,Very Hot,Dry,Breezy,24.65
Sidi Bennour,Casablanca-Settat,32.655,-8.4292,2026-09-24,32.4,16.9,0.0,3,16.1,31.3,45,Very Hot,Dry,Breezy,21.68
Temsia,Souss-Massa,30.3633,-9.4144,2026-09-18,26.9,19.0,0.0,0,19.2,41.8,3,Hot,Dry,Breezy,16.35
Temsia,Souss-Massa,30.3633,-9.4144,2026-09-19,27.1,19.7,0.0,0,22.1,47.9,2,Hot,Dry,Breezy,18.05
Temsia,Souss-Massa,30.3633,-9.4144,2026-09-20,28.3,19.6,0.0,0,18.1,40.3,45,Hot,Dry,Breezy,17.55
Temsia,Souss-Massa,30.3633,-9.4144,2026-09-21,37.3,21.4,0.0,0,15.6,33.8,3,Very Hot,Dry,Breezy,27.55
Temsia,Souss-Massa,30.3633,-9.4144,2026-09-22,36.3,21.5,0.0,0,21.4,47.5,0,Very Hot,Dry,Breezy,29.2
Temsia,Souss-Massa,30.3633,-9.4144,2026-09-23,36.1,20.4,0.0,0,26.0,44.3,0,Very Hot,Dry,Breezy,31.25
Temsia,Souss-Massa,30.3633,-9.4144,2026-09-24,32.8,16.8,0.0,0,27.0,45.7,45,Very Hot,Dry,Breezy,27.62
Biougra,Souss-Massa,30.2144,-9.3708,2026-09-18,27.3,19.1,0.0,0,25.5,42.1,2,Hot,Dry,Breezy,20.0
Biougra,Souss-Massa,30.2144,-9.3708,2026-09-19,27.8,19.5,0.0,0,22.8,38.2,2,Hot,Dry,Breezy,19.28
Biougra,Souss-Massa,30.2144,-9.3708,2026-09-20,28.9,19.9,0.0,0,18.7,31.3,2,Hot,Dry,Breezy,18.6
Biougra,Souss-Massa,30.2144,-9.3708,2026-09-21,37.3,21.9,0.0,0,19.6,32.4,3,Very Hot,Dry,Breezy,29.55
Biougra,Souss-Massa,30.2144,-9.3708,2026-09-22,37.5,22.6,0.0,0,20.6,40.0,0,Very Hot,Dry,Breezy,30.3
Biougra,Souss-Massa,30.2144,-9.3708,2026-09-23,32.6,19.6,0.0,0,22.1,37.1,0,Very Hot,Dry,Breezy,24.93
Biougra,Souss-Massa,30.2144,-9.3708,2026-09-24,30.3,16.8,0.0,0,23.4,40.0,45,Hot,Dry,Breezy,22.7
Al Hoceïma,Tanger-Tétouan-Al Hoceïma,35.2472,-3.9322,2026-09-18,26.9,18.9,0.0,0,21.9,38.9,3,Hot,Dry,Breezy,17.7
Al Hoceïma,Tanger-Tétouan-Al Hoceïma,35.2472,-3.9322,2026-09-19,27.7,20.4,0.0,0,27.8,52.2,3,Hot,Dry,Breezy,21.65
Al Hoceïma,Tanger-Tétouan-Al Hoceïma,35.2472,-3.9322,2026-09-20,28.0,23.5,0.0,20,25.5,46.4,3,Hot,Dry,Breezy,20.88
Al Hoceïma,Tanger-Tétouan-Al Hoceïma,35.2472,-3.9322,2026-09-21,28.1,21.4,0.0,0,23.1,42.8,2,Hot,Dry,Breezy,19.8
Al Hoceïma,Tanger-Tétouan-Al Hoceïma,35.2472,-3.9322,2026-09-22,28.1,17.8,0.0,0,15.3,31.7,1,Hot,Dry,Breezy,15.9
Al Hoceïma,Tanger-Tétouan-Al Hoceïma,35.2472,-3.9322,2026-09-23,26.8,19.7,0.0,0,9.5,18.0,2,Hot,Dry,Calm,11.38
Al Hoceïma,Tanger-Tétouan-Al Hoceïma,35.2472,-3.9322,2026-09-24,27.1,18.1,0.0,0,7.9,15.8,1,Hot,Dry,Calm,10.95
Qasbat Tadla,Béni Mellal-Khénifra,32.6,-6.26,2026-09-18,33.9,17.0,0.0,0,17.0,32.0,3,Very Hot,Dry,Breezy,24.0
Qasbat Tadla,Béni Mellal-Khénifra,32.6,-6.26,2026-09-19,37.1,20.6,0.0,3,13.3,28.1,2,Very Hot,Dry,Breezy,26.15
Qasbat Tadla,Béni Mellal-Khénifra,32.6,-6.26,2026-09-20,37.9,22.1,0.0,8,16.6,36.4,3,Very Hot,Dry,Breezy,28.8
Qasbat Tadla,Béni Mellal-Khénifra,32.6,-6.26,2026-09-21,36.5,20.9,0.3,3,13.8,29.2,2,Very Hot,Light Rain,Breezy,25.88
Qasbat Tadla,Béni Mellal-Khénifra,32.6,-6.26,2026-09-22,36.1,20.8,0.0,3,12.8,24.8,3,Very Hot,Dry,Breezy,24.65
Qasbat Tadla,Béni Mellal-Khénifra,32.6,-6.26,2026-09-23,36.9,17.2,0.0,0,6.9,14.4,1,Very Hot,Dry,Calm,22.7
Qasbat Tadla,Béni Mellal-Khénifra,32.6,-6.26,2026-09-24,37.3,14.5,0.0,0,11.6,21.2,3,Very Hot,Dry,Breezy,25.55
Aziylal,Béni Mellal-Khénifra,31.96,-6.56,2026-09-18,26.7,16.0,0.0,3,16.0,33.8,3,Hot,Dry,Breezy,14.88
Aziylal,Béni Mellal-Khénifra,31.96,-6.56,2026-09-19,28.6,18.9,0.1,18,17.8,39.2,3,Hot,Light Rain,Breezy,17.85
Aziylal,Béni Mellal-Khénifra,31.96,-6.56,2026-09-20,28.9,19.7,0.4,40,18.3,40.3,3,Hot,Light Rain,Breezy,18.7
Aziylal,Béni Mellal-Khénifra,31.96,-6.56,2026-09-21,28.2,18.9,0.3,23,18.7,36.7,2,Hot,Light Rain,Breezy,17.95
Aziylal,Béni Mellal-Khénifra,31.96,-6.56,2026-09-22,28.1,18.0,0.0,11,20.1,43.2,2,Hot,Dry,Breezy,18.3
Aziylal,Béni Mellal-Khénifra,31.96,-6.56,2026-09-23,29.1,16.9,0.0,0,17.1,36.4,1,Hot,Dry,Breezy,18.05
Aziylal,Béni Mellal-Khénifra,31.96,-6.56,2026-09-24,29.5,17.1,0.0,0,19.1,38.9,3,Hot,Dry,Breezy,19.55
Boujad,Béni Mellal-Khénifra,32.7741,-6.3925,2026-09-18,32.3,16.3,0.0,0,19.2,36.7,3,Very Hot,Dry,Breezy,23.1
Boujad,Béni Mellal-Khénifra,32.7741,-6.3925,2026-09-19,35.4,21.3,0.0,5,24.9,43.2,3,Very Hot,Dry,Breezy,29.82
Boujad,Béni Mellal-Khénifra,32.7741,-6.3925,2026-09-20,35.7,21.7,0.0,10,21.3,38.5,3,Very Hot,Dry,Breezy,28.4
Boujad,Béni Mellal-Khénifra,32.7741,-6.3925,2026-09-21,34.6,20.7,0.0,6,15.5,28.1,3,Very Hot,Dry,Breezy,24.13
Boujad,Béni Mellal-Khénifra,32.7741,-6.3925,2026-09-22,34.2,20.7,0.0,3,14.3,28.4,3,Very Hot,Dry,Breezy,23.03
Boujad,Béni Mellal-Khénifra,32.7741,-6.3925,2026-09-23,34.6,19.3,0.0,0,13.7,34.6,1,Very Hot,Dry,Breezy,23.23
Boujad,Béni Mellal-Khénifra,32.7741,-6.3925,2026-09-24,34.9,19.1,0.0,0,11.8,33.1,3,Very Hot,Dry,Breezy,22.65
Al Aaroui,Oriental,35.0104,-3.0073,2026-09-18,26.6,18.4,0.0,0,25.5,45.0,3,Hot,Dry,Breezy,19.13
Al Aaroui,Oriental,35.0104,-3.0073,2026-09-19,25.9,21.0,0.0,5,29.3,52.9,45,Hot,Dry,Breezy,20.15
Al Aaroui,Oriental,35.0104,-3.0073,2026-09-20,26.8,21.7,0.2,8,29.6,52.2,3,Hot,Light Rain,Breezy,21.57
Al Aaroui,Oriental,35.0104,-3.0073,2026-09-21,26.8,20.6,0.0,5,24.0,45.7,45,Hot,Dry,Breezy,18.62
Al Aaroui,Oriental,35.0104,-3.0073,2026-09-22,27.0,18.3,0.0,0,22.7,40.0,45,Hot,Dry,Breezy,18.22
Al Aaroui,Oriental,35.0104,-3.0073,2026-09-23,30.4,18.0,0.0,0,14.1,29.2,45,Hot,Dry,Breezy,18.18
Al Aaroui,Oriental,35.0104,-3.0073,2026-09-24,32.0,14.3,0.0,0,13.9,31.3,0,Very Hot,Dry,Breezy,20.08
Mrirt,Béni Mellal-Khénifra,33.1654,-5.5634,2026-09-18,30.3,14.5,0.0,0,20.0,40.3,3,Hot,Dry,Breezy,21.0
Mrirt,Béni Mellal-Khénifra,33.1654,-5.5634,2026-09-19,33.0,17.2,0.1,25,17.6,37.8,2,Very Hot,Light Rain,Breezy,23.25
Mrirt,Béni Mellal-Khénifra,33.1654,-5.5634,2026-09-20,31.9,18.9,0.0,8,24.0,54.0,3,Hot,Dry,Breezy,25.0
Mrirt,Béni Mellal-Khénifra,33.1654,-5.5634,2026-09-21,32.1,17.5,0.0,5,23.2,48.2,2,Very Hot,Dry,Breezy,24.85
Mrirt,Béni Mellal-Khénifra,33.1654,-5.5634,2026-09-22,31.5,16.4,0.0,1,15.9,38.5,3,Hot,Dry,Breezy,20.45
Mrirt,Béni Mellal-Khénifra,33.1654,-5.5634,2026-09-23,31.8,15.9,0.0,0,16.2,31.3,0,Hot,Dry,Breezy,20.97
Mrirt,Béni Mellal-Khénifra,33.1654,-5.5634,2026-09-24,33.1,14.6,0.0,0,16.9,38.5,3,Very Hot,Dry,Breezy,22.95
Tineghir,Drâa-Tafilalet,31.5147,-5.5328,2026-09-18,30.3,18.1,0.0,45,23.3,37.4,3,Hot,Dry,Breezy,22.65
Tineghir,Drâa-Tafilalet,31.5147,-5.5328,2026-09-19,27.7,18.1,0.7,40,16.5,29.2,61,Hot,Light Rain,Breezy,16.53
Tineghir,Drâa-Tafilalet,31.5147,-5.5328,2026-09-20,28.0,17.3,2.8,45,11.9,28.1,95,Hot,Moderate Rain,Breezy,16.18
Tineghir,Drâa-Tafilalet,31.5147,-5.5328,2026-09-21,28.6,18.2,0.6,53,23.2,34.9,2,Hot,Light Rain,Breezy,20.93
Tineghir,Drâa-Tafilalet,31.5147,-5.5328,2026-09-22,28.5,17.8,0.3,10,8.2,23.0,3,Hot,Light Rain,Calm,13.07
Tineghir,Drâa-Tafilalet,31.5147,-5.5328,2026-09-23,29.2,17.0,0.0,5,17.8,32.8,2,Hot,Dry,Breezy,18.52
Tineghir,Drâa-Tafilalet,31.5147,-5.5328,2026-09-24,31.3,17.4,0.0,5,18.1,31.3,2,Hot,Dry,Breezy,21.3
Bouknadel,Rabat-Salé-Kénitra,34.1766,-6.6893,2026-09-18,25.1,16.6,0.0,0,17.7,30.6,45,Hot,Dry,Breezy,14.97
Bouknadel,Rabat-Salé-Kénitra,34.1766,-6.6893,2026-09-19,31.2,18.4,0.0,0,22.0,37.1,1,Hot,Dry,Breezy,23.12
Bouknadel,Rabat-Salé-Kénitra,34.1766,-6.6893,2026-09-20,29.1,20.5,0.0,0,13.4,23.8,1,Hot,Dry,Breezy,16.2
Bouknadel,Rabat-Salé-Kénitra,34.1766,-6.6893,2026-09-21,31.1,20.4,0.0,0,14.3,25.2,1,Hot,Dry,Breezy,19.15
Bouknadel,Rabat-Salé-Kénitra,34.1766,-6.6893,2026-09-22,27.8,19.7,0.0,0,12.6,22.3,0,Hot,Dry,Breezy,14.18
Bouknadel,Rabat-Salé-Kénitra,34.1766,-6.6893,2026-09-23,30.0,19.1,0.0,0,12.4,29.2,0,Hot,Dry,Breezy,16.83
Bouknadel,Rabat-Salé-Kénitra,34.1766,-6.6893,2026-09-24,28.8,18.2,0.0,0,12.2,29.5,45,Hot,Dry,Breezy,15.22
Cabo Bojador,Laâyoune-Sakia El Hamra,26.1269,-14.4992,2026-09-18,24.9,20.1,0.0,0,24.3,46.4,3,Moderate,Dry,Breezy,16.4
Cabo Bojador,Laâyoune-Sakia El Hamra,26.1269,-14.4992,2026-09-19,24.9,18.5,0.0,0,23.7,45.0,3,Moderate,Dry,Breezy,16.1
Cabo Bojador,Laâyoune-Sakia El Hamra,26.1269,-14.4992,2026-09-20,27.1,18.9,0.0,0,25.8,47.5,1,Hot,Dry,Breezy,19.9
Cabo Bojador,Laâyoune-Sakia El Hamra,26.1269,-14.4992,2026-09-21,25.8,20.0,0.0,3,25.9,47.2,1,Hot,Dry,Breezy,18.33
Cabo Bojador,Laâyoune-Sakia El Hamra,26.1269,-14.4992,2026-09-22,27.7,20.6,0.0,4,28.8,48.2,1,Hot,Dry,Breezy,22.15
Cabo Bojador,Laâyoune-Sakia El Hamra,26.1269,-14.4992,2026-09-23,27.0,20.5,0.0,0,28.6,51.1,0,Hot,Dry,Breezy,21.18
Cabo Bojador,Laâyoune-Sakia El Hamra,26.1269,-14.4992,2026-09-24,33.7,22.0,0.0,8,27.2,47.5,3,Very Hot,Dry,Breezy,28.85
Zagora,Drâa-Tafilalet,30.3316,-5.8376,2026-09-18,34.9,25.0,0.2,13,19.5,33.5,3,Very Hot,Light Rain,Breezy,26.65
Zagora,Drâa-Tafilalet,30.3316,-5.8376,2026-09-19,34.1,24.9,0.0,5,25.4,44.3,3,Very Hot,Dry,Breezy,28.45
Zagora,Drâa-Tafilalet,30.3316,-5.8376,2026-09-20,34.0,24.4,0.3,8,16.7,29.2,3,Very Hot,Light Rain,Breezy,24.2
Zagora,Drâa-Tafilalet,30.3316,-5.8376,2026-09-21,33.7,24.8,1.7,20,9.2,18.0,80,Very Hot,Light Rain,Calm,21.13
Zagora,Drâa-Tafilalet,30.3316,-5.8376,2026-09-22,33.2,23.7,0.3,3,15.3,26.3,3,Very Hot,Light Rain,Breezy,22.5
Zagora,Drâa-Tafilalet,30.3316,-5.8376,2026-09-23,33.1,22.9,0.0,3,13.7,21.6,2,Very Hot,Dry,Breezy,21.35
Zagora,Drâa-Tafilalet,30.3316,-5.8376,2026-09-24,34.9,23.7,0.0,3,15.3,23.4,2,Very Hot,Dry,Breezy,24.4
Azemmour,Casablanca-Settat,33.2833,-8.3333,2026-09-18,25.0,17.8,0.0,0,17.9,32.8,2,Hot,Dry,Breezy,13.57
Azemmour,Casablanca-Settat,33.2833,-8.3333,2026-09-19,26.9,19.6,0.0,0,16.3,29.9,2,Hot,Dry,Breezy,14.9
Azemmour,Casablanca-Settat,33.2833,-8.3333,2026-09-20,28.4,19.3,0.0,0,12.4,23.0,45,Hot,Dry,Breezy,14.82
Azemmour,Casablanca-Settat,33.2833,-8.3333,2026-09-21,28.9,20.9,0.0,0,13.8,26.3,45,Hot,Dry,Breezy,16.15
Azemmour,Casablanca-Settat,33.2833,-8.3333,2026-09-22,27.3,20.5,0.0,0,11.8,22.3,45,Hot,Dry,Breezy,13.15
Azemmour,Casablanca-Settat,33.2833,-8.3333,2026-09-23,27.1,19.9,0.0,0,13.2,26.6,45,Hot,Dry,Breezy,13.6
Azemmour,Casablanca-Settat,33.2833,-8.3333,2026-09-24,27.5,19.9,0.0,0,12.5,24.8,45,Hot,Dry,Breezy,13.75
El Hajeb,Fès-Meknès,33.6928,-5.3711,2026-09-18,27.7,14.9,0.0,0,16.7,35.6,3,Hot,Dry,Breezy,16.6
El Hajeb,Fès-Meknès,33.6928,-5.3711,2026-09-19,31.4,17.3,0.2,8,18.8,40.3,80,Hot,Light Rain,Breezy,21.93
El Hajeb,Fès-Meknès,33.6928,-5.3711,2026-09-20,31.9,20.6,0.0,0,19.1,40.7,2,Hot,Dry,Breezy,22.55
El Hajeb,Fès-Meknès,33.6928,-5.3711,2026-09-21,31.6,20.2,0.0,0,20.5,43.2,3,Hot,Dry,Breezy,22.88
El Hajeb,Fès-Meknès,33.6928,-5.3711,2026-09-22,30.6,19.0,0.0,3,19.4,41.0,3,Hot,Dry,Breezy,21.08
El Hajeb,Fès-Meknès,33.6928,-5.3711,2026-09-23,31.1,19.3,0.0,0,14.7,29.2,0,Hot,Dry,Breezy,19.35
El Hajeb,Fès-Meknès,33.6928,-5.3711,2026-09-24,31.9,18.8,0.0,0,17.7,35.3,3,Hot,Dry,Breezy,21.85
Jerada,Oriental,34.31,-2.16,2026-09-18,27.5,15.3,0.0,3,24.2,52.6,3,Hot,Dry,Breezy,19.85
Jerada,Oriental,34.31,-2.16,2026-09-19,27.6,16.7,2.7,80,29.5,65.2,95,Hot,Moderate Rain,Breezy,24.4
Jerada,Oriental,34.31,-2.16,2026-09-20,27.6,16.3,0.0,15,24.2,53.3,3,Hot,Dry,Breezy,19.73
Jerada,Oriental,34.31,-2.16,2026-09-21,25.4,17.1,0.0,10,17.9,42.5,45,Hot,Dry,Breezy,14.45
Jerada,Oriental,34.31,-2.16,2026-09-22,27.6,15.9,0.0,3,19.9,39.2,3,Hot,Dry,Breezy,17.58
Jerada,Oriental,34.31,-2.16,2026-09-23,29.1,17.2,0.0,0,20.9,38.2,2,Hot,Dry,Breezy,19.95
Jerada,Oriental,34.31,-2.16,2026-09-24,30.4,15.7,0.0,0,21.9,37.4,0,Hot,Dry,Breezy,22.07
El Aïoun,Oriental,34.5726,-2.5127,2026-09-18,29.1,15.7,0.0,0,21.7,37.8,45,Hot,Dry,Breezy,20.35
El Aïoun,Oriental,34.5726,-2.5127,2026-09-19,29.8,19.2,0.2,48,18.6,33.8,3,Hot,Light Rain,Breezy,19.83
El Aïoun,Oriental,34.5726,-2.5127,2026-09-20,30.9,18.8,0.0,8,21.3,36.7,45,Hot,Dry,Breezy,22.4
El Aïoun,Oriental,34.5726,-2.5127,2026-09-21,27.4,19.2,0.0,8,18.2,31.7,3,Hot,Dry,Breezy,16.47
El Aïoun,Oriental,34.5726,-2.5127,2026-09-22,30.3,15.5,0.0,1,16.5,34.2,45,Hot,Dry,Breezy,19.25
El Aïoun,Oriental,34.5726,-2.5127,2026-09-23,30.8,17.5,0.0,0,15.6,27.7,1,Hot,Dry,Breezy,19.43
El Aïoun,Oriental,34.5726,-2.5127,2026-09-24,32.6,15.2,0.0,0,15.3,26.6,0,Very Hot,Dry,Breezy,21.53
Tameslouht,Marrakech-Safi,31.5,-8.1,2026-09-18,31.0,17.4,0.0,0,10.2,18.4,2,Hot,Dry,Breezy,16.97
Tameslouht,Marrakech-Safi,31.5,-8.1,2026-09-19,34.6,20.3,0.0,5,15.5,25.2,2,Very Hot,Dry,Breezy,24.13
Tameslouht,Marrakech-Safi,31.5,-8.1,2026-09-20,36.7,22.4,0.6,43,19.4,32.0,80,Very Hot,Light Rain,Breezy,29.15
Tameslouht,Marrakech-Safi,31.5,-8.1,2026-09-21,36.6,23.0,0.0,2,21.0,34.9,2,Very Hot,Dry,Breezy,29.38
Tameslouht,Marrakech-Safi,31.5,-8.1,2026-09-22,36.0,22.1,0.0,3,22.5,36.0,0,Very Hot,Dry,Breezy,29.37
Tameslouht,Marrakech-Safi,31.5,-8.1,2026-09-23,35.2,19.6,0.0,2,15.1,26.3,0,Very Hot,Dry,Breezy,24.68
Tameslouht,Marrakech-Safi,31.5,-8.1,2026-09-24,34.6,20.6,0.0,0,14.8,27.7,1,Very Hot,Dry,Breezy,23.78
Sidi Yahia El Gharb,Rabat-Salé-Kénitra,34.3058,-6.3058,2026-09-18,29.5,15.4,0.0,0,19.0,34.6,45,Hot,Dry,Breezy,19.5
Sidi Yahia El Gharb,Rabat-Salé-Kénitra,34.3058,-6.3058,2026-09-19,36.1,17.7,0.0,0,18.8,34.2,1,Very Hot,Dry,Breezy,27.65
Sidi Yahia El Gharb,Rabat-Salé-Kénitra,34.3058,-6.3058,2026-09-20,37.3,22.0,0.0,0,19.9,35.3,1,Very Hot,Dry,Breezy,29.7
Sidi Yahia El Gharb,Rabat-Salé-Kénitra,34.3058,-6.3058,2026-09-21,37.1,21.2,0.0,0,13.7,31.0,0,Very Hot,Dry,Breezy,26.35
Sidi Yahia El Gharb,Rabat-Salé-Kénitra,34.3058,-6.3058,2026-09-22,34.1,19.5,0.0,0,19.4,34.2,0,Very Hot,Dry,Breezy,25.45
Sidi Yahia El Gharb,Rabat-Salé-Kénitra,34.3058,-6.3058,2026-09-23,36.7,18.3,0.0,0,13.1,33.8,0,Very Hot,Dry,Breezy,25.55
Sidi Yahia El Gharb,Rabat-Salé-Kénitra,34.3058,-6.3058,2026-09-24,34.3,17.9,0.0,0,19.2,36.4,3,Very Hot,Dry,Breezy,25.6
Chichaoua,Marrakech-Safi,31.5333,-8.7667,2026-09-18,31.0,17.4,0.0,0,15.9,25.6,2,Hot,Dry,Breezy,19.82
Chichaoua,Marrakech-Safi,31.5333,-8.7667,2026-09-19,34.9,19.9,0.0,0,20.2,33.1,2,Very Hot,Dry,Breezy,26.85
Chichaoua,Marrakech-Safi,31.5333,-8.7667,2026-09-20,35.6,22.0,0.0,5,25.5,41.4,2,Very Hot,Dry,Breezy,30.38
Chichaoua,Marrakech-Safi,31.5333,-8.7667,2026-09-21,37.6,22.2,0.0,3,25.2,43.6,2,Very Hot,Dry,Breezy,32.73
Chichaoua,Marrakech-Safi,31.5333,-8.7667,2026-09-22,37.1,19.6,0.0,0,22.8,41.4,0,Very Hot,Dry,Breezy,30.9
Chichaoua,Marrakech-Safi,31.5333,-8.7667,2026-09-23,34.7,18.6,0.0,0,17.4,29.5,0,Very Hot,Dry,Breezy,25.2
Chichaoua,Marrakech-Safi,31.5333,-8.7667,2026-09-24,34.0,20.2,0.0,3,18.1,29.2,0,Very Hot,Dry,Breezy,24.68
Al ’Attawia,Marrakech-Safi,31.83,-7.31,2026-09-18,30.1,16.6,0.0,0,12.0,22.3,3,Hot,Dry,Breezy,16.75
Al ’Attawia,Marrakech-Safi,31.83,-7.31,2026-09-19,34.9,19.7,0.0,5,16.6,36.4,2,Very Hot,Dry,Breezy,25.05
Al ’Attawia,Marrakech-Safi,31.83,-7.31,2026-09-20,35.8,22.3,0.1,28,16.3,35.3,3,Very Hot,Light Rain,Breezy,26.1
Al ’Attawia,Marrakech-Safi,31.83,-7.31,2026-09-21,35.2,21.4,0.3,3,15.6,28.8,3,Very Hot,Light Rain,Breezy,25.15
Al ’Attawia,Marrakech-Safi,31.83,-7.31,2026-09-22,35.0,21.5,0.0,0,16.9,31.0,2,Very Hot,Dry,Breezy,25.32
Al ’Attawia,Marrakech-Safi,31.83,-7.31,2026-09-23,34.9,17.8,0.0,2,14.3,27.0,0,Very Hot,Dry,Breezy,23.9
Al ’Attawia,Marrakech-Safi,31.83,-7.31,2026-09-24,34.6,15.7,0.0,0,14.6,27.0,3,Very Hot,Dry,Breezy,23.68
Tabount,Drâa-Tafilalet,30.9014,-6.9217,2026-09-18,31.7,17.4,0.0,3,9.9,19.8,3,Hot,Dry,Calm,17.7
Tabount,Drâa-Tafilalet,30.9014,-6.9217,2026-09-19,31.5,20.0,0.0,15,27.9,45.0,3,Hot,Dry,Breezy,26.45
Tabount,Drâa-Tafilalet,30.9014,-6.9217,2026-09-20,31.2,19.4,0.2,30,16.0,53.3,3,Hot,Light Rain,Breezy,20.27
Tabount,Drâa-Tafilalet,30.9014,-6.9217,2026-09-21,31.8,20.0,1.2,20,19.5,34.2,3,Hot,Light Rain,Breezy,23.53
Tabount,Drâa-Tafilalet,30.9014,-6.9217,2026-09-22,33.0,18.6,0.0,5,26.6,48.6,1,Very Hot,Dry,Breezy,27.68
Tabount,Drâa-Tafilalet,30.9014,-6.9217,2026-09-23,32.2,16.0,0.0,3,7.4,16.9,2,Very Hot,Dry,Calm,17.08
Tabount,Drâa-Tafilalet,30.9014,-6.9217,2026-09-24,32.9,17.2,0.0,3,12.1,20.9,3,Very Hot,Dry,Breezy,20.3
Zaïo,Oriental,34.9396,-2.7334,2026-09-18,28.0,19.0,0.0,0,16.9,38.5,45,Hot,Dry,Breezy,16.57
Zaïo,Oriental,34.9396,-2.7334,2026-09-19,28.0,20.9,0.0,5,25.0,55.4,45,Hot,Dry,Breezy,20.62
Zaïo,Oriental,34.9396,-2.7334,2026-09-20,29.3,21.9,0.0,3,24.4,54.7,45,Hot,Dry,Breezy,21.95
Zaïo,Oriental,34.9396,-2.7334,2026-09-21,27.7,19.8,0.0,3,22.0,45.4,3,Hot,Dry,Breezy,18.75
Zaïo,Oriental,34.9396,-2.7334,2026-09-22,29.3,17.9,0.0,0,12.8,33.1,45,Hot,Dry,Breezy,16.15
Zaïo,Oriental,34.9396,-2.7334,2026-09-23,30.1,18.0,0.0,0,15.1,29.5,45,Hot,Dry,Breezy,18.3
Zaïo,Oriental,34.9396,-2.7334,2026-09-24,31.7,13.6,0.0,0,13.9,25.9,0,Hot,Dry,Breezy,19.7
Aguelmous,Béni Mellal-Khénifra,33.1324,-5.8366,2026-09-18,29.9,14.1,0.0,0,20.1,45.7,3,Hot,Dry,Breezy,20.55
Aguelmous,Béni Mellal-Khénifra,33.1324,-5.8366,2026-09-19,31.8,18.0,0.0,18,18.8,42.5,3,Hot,Dry,Breezy,22.27
Aguelmous,Béni Mellal-Khénifra,33.1324,-5.8366,2026-09-20,32.3,19.9,0.1,10,19.6,43.2,2,Very Hot,Light Rain,Breezy,23.37
Aguelmous,Béni Mellal-Khénifra,33.1324,-5.8366,2026-09-21,32.1,19.2,0.0,15,22.0,45.4,2,Very Hot,Dry,Breezy,24.25
Aguelmous,Béni Mellal-Khénifra,33.1324,-5.8366,2026-09-22,30.5,18.8,0.0,5,18.2,34.2,3,Hot,Dry,Breezy,20.35
Aguelmous,Béni Mellal-Khénifra,33.1324,-5.8366,2026-09-23,31.8,17.8,0.0,0,16.5,35.6,1,Hot,Dry,Breezy,21.12
Aguelmous,Béni Mellal-Khénifra,33.1324,-5.8366,2026-09-24,32.4,17.6,0.0,0,16.2,35.6,3,Very Hot,Dry,Breezy,21.73
Asilah,Tanger-Tétouan-Al Hoceïma,35.4667,-6.0333,2026-09-18,28.7,16.3,0.0,0,25.6,47.2,2,Hot,Dry,Breezy,21.8
Asilah,Tanger-Tétouan-Al Hoceïma,35.4667,-6.0333,2026-09-19,29.1,23.1,0.0,0,37.2,68.8,0,Hot,Dry,Strong Wind,28.1
Asilah,Tanger-Tétouan-Al Hoceïma,35.4667,-6.0333,2026-09-20,30.5,24.2,0.0,0,28.0,51.1,1,Hot,Dry,Breezy,25.25
Asilah,Tanger-Tétouan-Al Hoceïma,35.4667,-6.0333,2026-09-21,30.0,23.6,0.0,0,29.8,53.6,0,Hot,Dry,Breezy,25.52
Asilah,Tanger-Tétouan-Al Hoceïma,35.4667,-6.0333,2026-09-22,30.2,21.9,0.0,0,17.7,33.5,0,Hot,Dry,Breezy,19.72
Asilah,Tanger-Tétouan-Al Hoceïma,35.4667,-6.0333,2026-09-23,35.0,20.7,0.0,0,13.4,25.9,1,Very Hot,Dry,Breezy,23.58
Asilah,Tanger-Tétouan-Al Hoceïma,35.4667,-6.0333,2026-09-24,34.6,21.0,0.0,0,15.9,31.0,1,Very Hot,Dry,Breezy,24.33
Imzouren,Tanger-Tétouan-Al Hoceïma,35.1464,-3.8506,2026-09-18,27.4,18.4,0.0,0,18.6,33.5,3,Hot,Dry,Breezy,16.68
Imzouren,Tanger-Tétouan-Al Hoceïma,35.1464,-3.8506,2026-09-19,29.2,20.0,0.0,0,26.7,49.0,3,Hot,Dry,Breezy,22.98
Imzouren,Tanger-Tétouan-Al Hoceïma,35.1464,-3.8506,2026-09-20,28.7,22.3,0.0,0,21.8,39.2,3,Hot,Dry,Breezy,19.9
Imzouren,Tanger-Tétouan-Al Hoceïma,35.1464,-3.8506,2026-09-21,29.0,20.3,0.0,0,20.9,40.0,3,Hot,Dry,Breezy,19.82
Imzouren,Tanger-Tétouan-Al Hoceïma,35.1464,-3.8506,2026-09-22,28.4,17.8,0.0,0,14.1,31.0,1,Hot,Dry,Breezy,15.68
Imzouren,Tanger-Tétouan-Al Hoceïma,35.1464,-3.8506,2026-09-23,29.6,19.5,0.0,0,11.9,22.7,2,Hot,Dry,Breezy,16.08
Imzouren,Tanger-Tétouan-Al Hoceïma,35.1464,-3.8506,2026-09-24,30.6,18.7,0.0,0,11.2,21.6,0,Hot,Dry,Breezy,16.98
Mediouna,Casablanca-Settat,33.4556,-7.5208,2026-09-18,27.4,16.4,0.0,0,18.5,33.5,3,Hot,Dry,Breezy,16.62
Mediouna,Casablanca-Settat,33.4556,-7.5208,2026-09-19,30.9,17.8,0.0,0,17.5,31.7,45,Hot,Dry,Breezy,20.5
Mediouna,Casablanca-Settat,33.4556,-7.5208,2026-09-20,34.9,19.5,0.0,0,17.2,31.3,2,Very Hot,Dry,Breezy,25.35
Mediouna,Casablanca-Settat,33.4556,-7.5208,2026-09-21,33.9,20.6,0.0,0,17.1,32.4,1,Very Hot,Dry,Breezy,24.05
Mediouna,Casablanca-Settat,33.4556,-7.5208,2026-09-22,33.5,19.5,0.0,0,16.0,28.8,45,Very Hot,Dry,Breezy,23.0
Mediouna,Casablanca-Settat,33.4556,-7.5208,2026-09-23,28.3,18.2,0.0,0,12.1,31.7,45,Hot,Dry,Breezy,14.55
Mediouna,Casablanca-Settat,33.4556,-7.5208,2026-09-24,28.3,18.6,0.0,0,11.6,31.0,45,Hot,Dry,Breezy,14.3
Demnat,Béni Mellal-Khénifra,31.7311,-7.0361,2026-09-18,27.6,14.3,0.0,0,12.2,24.8,3,Hot,Dry,Breezy,15.1
Demnat,Béni Mellal-Khénifra,31.7311,-7.0361,2026-09-19,32.1,18.3,0.0,13,18.3,41.4,3,Very Hot,Dry,Breezy,22.4
Demnat,Béni Mellal-Khénifra,31.7311,-7.0361,2026-09-20,32.5,21.6,0.3,35,17.3,33.8,3,Very Hot,Light Rain,Breezy,22.62
Demnat,Béni Mellal-Khénifra,31.7311,-7.0361,2026-09-21,32.0,20.6,0.3,3,19.6,36.7,80,Very Hot,Light Rain,Breezy,23.15
Demnat,Béni Mellal-Khénifra,31.7311,-7.0361,2026-09-22,31.8,20.8,0.0,0,18.2,37.8,2,Hot,Dry,Breezy,21.98
Demnat,Béni Mellal-Khénifra,31.7311,-7.0361,2026-09-23,32.3,17.1,0.0,3,16.8,33.1,0,Very Hot,Dry,Breezy,21.9
Demnat,Béni Mellal-Khénifra,31.7311,-7.0361,2026-09-24,32.2,15.4,0.0,3,16.3,32.8,1,Very Hot,Dry,Breezy,21.53
Aïn Taoujdat,Fès-Meknès,33.9333,-5.2167,2026-09-18,30.4,16.4,0.0,0,15.5,29.9,3,Hot,Dry,Breezy,18.87
Aïn Taoujdat,Fès-Meknès,33.9333,-5.2167,2026-09-19,33.7,18.6,0.0,3,19.2,37.4,2,Very Hot,Dry,Breezy,24.85
Aïn Taoujdat,Fès-Meknès,33.9333,-5.2167,2026-09-20,34.9,20.2,0.0,0,14.7,28.1,1,Very Hot,Dry,Breezy,24.1
Aïn Taoujdat,Fès-Meknès,33.9333,-5.2167,2026-09-21,33.9,19.8,0.0,3,13.0,26.3,3,Very Hot,Dry,Breezy,22.0
Aïn Taoujdat,Fès-Meknès,33.9333,-5.2167,2026-09-22,32.8,18.9,0.0,0,11.3,22.3,3,Very Hot,Dry,Breezy,19.77
Aïn Taoujdat,Fès-Meknès,33.9333,-5.2167,2026-09-23,34.2,19.8,0.0,0,12.2,23.0,0,Very Hot,Dry,Breezy,21.98
Aïn Taoujdat,Fès-Meknès,33.9333,-5.2167,2026-09-24,35.1,19.5,0.0,0,16.3,29.9,3,Very Hot,Dry,Breezy,25.15
Sidi Smai’il,Casablanca-Settat,32.8167,-8.5,2026-09-18,28.1,17.3,0.0,0,18.2,32.4,45,Hot,Dry,Breezy,17.35
Sidi Smai’il,Casablanca-Settat,32.8167,-8.5,2026-09-19,32.0,17.9,0.0,0,17.2,30.2,3,Very Hot,Dry,Breezy,21.73
Sidi Smai’il,Casablanca-Settat,32.8167,-8.5,2026-09-20,32.8,19.9,0.0,0,15.3,27.4,2,Very Hot,Dry,Breezy,21.77
Sidi Smai’il,Casablanca-Settat,32.8167,-8.5,2026-09-21,34.1,20.1,0.0,0,14.4,28.1,45,Very Hot,Dry,Breezy,22.95
Sidi Smai’il,Casablanca-Settat,32.8167,-8.5,2026-09-22,33.0,18.9,0.0,0,15.3,28.1,45,Very Hot,Dry,Breezy,22.02
Sidi Smai’il,Casablanca-Settat,32.8167,-8.5,2026-09-23,31.1,18.8,0.0,3,17.1,31.7,45,Hot,Dry,Breezy,20.55
Sidi Smai’il,Casablanca-Settat,32.8167,-8.5,2026-09-24,30.0,18.1,0.0,3,15.2,27.7,45,Hot,Dry,Breezy,18.22
Moulay Bousselham,Rabat-Salé-Kénitra,34.8786,-6.2933,2026-09-18,25.0,14.7,0.0,0,18.9,31.7,45,Hot,Dry,Breezy,17.95
Moulay Bousselham,Rabat-Salé-Kénitra,34.8786,-6.2933,2026-09-19,29.9,18.1,0.0,0,17.5,29.9,1,Hot,Dry,Breezy,19.25
Moulay Bousselham,Rabat-Salé-Kénitra,34.8786,-6.2933,2026-09-20,32.6,21.3,0.0,0,18.0,31.0,0,Very Hot,Dry,Breezy,22.88
Moulay Bousselham,Rabat-Salé-Kénitra,34.8786,-6.2933,2026-09-21,31.0,20.9,0.0,0,17.1,31.7,1,Hot,Dry,Breezy,20.42
Moulay Bousselham,Rabat-Salé-Kénitra,34.8786,-6.2933,2026-09-22,31.0,19.7,0.0,0,20.3,33.5,0,Hot,Dry,Breezy,22.02
Moulay Bousselham,Rabat-Salé-Kénitra,34.8786,-6.2933,2026-09-23,33.2,18.0,0.0,0,18.5,33.8,0,Very Hot,Dry,Breezy,23.88
Moulay Bousselham,Rabat-Salé-Kénitra,34.8786,-6.2933,2026-09-24,31.8,18.9,0.0,0,16.8,29.5,3,Hot,Dry,Breezy,21.27
Mechraa Bel Ksiri,Rabat-Salé-Kénitra,34.56,-5.95,2026-09-18,31.8,14.7,0.0,0,19.1,34.9,45,Hot,Dry,Breezy,22.43
Mechraa Bel Ksiri,Rabat-Salé-Kénitra,34.56,-5.95,2026-09-19,37.1,19.0,0.0,0,18.8,36.0,1,Very Hot,Dry,Breezy,28.9
Mechraa Bel Ksiri,Rabat-Salé-Kénitra,34.56,-5.95,2026-09-20,37.7,24.7,0.0,0,19.6,37.4,0,Very Hot,Dry,Breezy,30.05
Mechraa Bel Ksiri,Rabat-Salé-Kénitra,34.56,-5.95,2026-09-21,37.1,24.6,0.0,0,18.8,35.6,0,Very Hot,Dry,Breezy,28.9
Mechraa Bel Ksiri,Rabat-Salé-Kénitra,34.56,-5.95,2026-09-22,36.2,23.7,0.0,0,17.1,32.0,0,Very Hot,Dry,Breezy,26.93
Mechraa Bel Ksiri,Rabat-Salé-Kénitra,34.56,-5.95,2026-09-23,37.0,18.2,0.0,0,15.0,33.8,0,Very Hot,Dry,Breezy,26.88
Mechraa Bel Ksiri,Rabat-Salé-Kénitra,34.56,-5.95,2026-09-24,36.9,18.0,0.0,0,16.0,33.8,3,Very Hot,Dry,Breezy,27.25
Souk et Tnine Jorf el Mellah,Rabat-Salé-Kénitra,34.4945,-5.5047,2026-09-18,32.7,15.6,0.0,0,10.9,20.5,45,Very Hot,Dry,Breezy,19.45
Souk et Tnine Jorf el Mellah,Rabat-Salé-Kénitra,34.4945,-5.5047,2026-09-19,37.1,21.2,0.0,0,23.1,44.3,1,Very Hot,Dry,Breezy,31.05
Souk et Tnine Jorf el Mellah,Rabat-Salé-Kénitra,34.4945,-5.5047,2026-09-20,37.2,24.8,0.0,0,19.1,36.4,0,Very Hot,Dry,Breezy,29.18
Souk et Tnine Jorf el Mellah,Rabat-Salé-Kénitra,34.4945,-5.5047,2026-09-21,36.7,24.6,0.0,0,19.5,36.0,1,Very Hot,Dry,Breezy,28.75
Souk et Tnine Jorf el Mellah,Rabat-Salé-Kénitra,34.4945,-5.5047,2026-09-22,35.8,23.7,0.0,0,16.2,31.7,0,Very Hot,Dry,Breezy,25.97
Souk et Tnine Jorf el Mellah,Rabat-Salé-Kénitra,34.4945,-5.5047,2026-09-23,37.0,20.8,0.0,0,9.5,22.3,0,Very Hot,Dry,Calm,24.13
Souk et Tnine Jorf el Mellah,Rabat-Salé-Kénitra,34.4945,-5.5047,2026-09-24,37.7,19.2,0.0,0,17.6,33.5,1,Very Hot,Dry,Breezy,29.05
Zeghanghane,Oriental,35.1575,-3.0017,2026-09-18,26.4,19.2,0.0,8,21.1,40.3,3,Hot,Dry,Breezy,16.68
Zeghanghane,Oriental,35.1575,-3.0017,2026-09-19,25.9,21.9,0.5,18,27.3,50.8,3,Hot,Light Rain,Breezy,19.52
Zeghanghane,Oriental,35.1575,-3.0017,2026-09-20,26.3,22.3,1.2,43,29.2,59.4,3,Hot,Light Rain,Breezy,21.5
Zeghanghane,Oriental,35.1575,-3.0017,2026-09-21,26.5,21.7,0.0,10,21.1,46.4,3,Hot,Dry,Breezy,16.8
Zeghanghane,Oriental,35.1575,-3.0017,2026-09-22,26.8,18.8,0.0,0,20.1,40.7,2,Hot,Dry,Breezy,16.68
Zeghanghane,Oriental,35.1575,-3.0017,2026-09-23,28.2,18.8,0.0,0,13.3,26.3,45,Hot,Dry,Breezy,15.02
Zeghanghane,Oriental,35.1575,-3.0017,2026-09-24,29.7,15.5,0.0,0,11.8,24.8,1,Hot,Dry,Breezy,16.15
Oulad Barhil,Souss-Massa,30.6408,-8.475,2026-09-18,29.9,17.8,0.0,0,27.5,51.1,3,Hot,Dry,Breezy,24.25
Oulad Barhil,Souss-Massa,30.6408,-8.475,2026-09-19,34.9,20.2,0.0,3,28.8,52.9,2,Very Hot,Dry,Breezy,31.15
Oulad Barhil,Souss-Massa,30.6408,-8.475,2026-09-20,37.5,21.6,0.0,3,26.8,49.3,2,Very Hot,Dry,Breezy,33.4
Oulad Barhil,Souss-Massa,30.6408,-8.475,2026-09-21,38.1,21.1,0.0,3,28.8,56.5,2,Very Hot,Dry,Breezy,35.15
Oulad Barhil,Souss-Massa,30.6408,-8.475,2026-09-22,37.6,19.7,0.0,0,27.5,57.6,1,Very Hot,Dry,Breezy,33.88
Oulad Barhil,Souss-Massa,30.6408,-8.475,2026-09-23,37.3,18.9,0.0,0,23.3,48.2,0,Very Hot,Dry,Breezy,31.4
Oulad Barhil,Souss-Massa,30.6408,-8.475,2026-09-24,37.5,17.8,0.0,3,29.4,56.2,1,Very Hot,Dry,Breezy,34.7
Bir Jdid,Casablanca-Settat,33.3737,-8.0002,2026-09-18,25.0,17.5,0.0,0,17.3,33.8,3,Hot,Dry,Breezy,13.65
Bir Jdid,Casablanca-Settat,33.3737,-8.0002,2026-09-19,27.5,18.6,0.0,0,17.3,33.5,45,Hot,Dry,Breezy,16.15
Bir Jdid,Casablanca-Settat,33.3737,-8.0002,2026-09-20,30.8,19.8,0.0,0,14.8,29.2,2,Hot,Dry,Breezy,19.02
Bir Jdid,Casablanca-Settat,33.3737,-8.0002,2026-09-21,30.0,20.3,0.0,0,17.0,33.5,45,Hot,Dry,Breezy,19.12
Bir Jdid,Casablanca-Settat,33.3737,-8.0002,2026-09-22,29.3,19.5,0.0,0,13.8,27.0,45,Hot,Dry,Breezy,16.65
Bir Jdid,Casablanca-Settat,33.3737,-8.0002,2026-09-23,28.9,19.0,0.0,0,16.0,31.3,45,Hot,Dry,Breezy,17.25
Bir Jdid,Casablanca-Settat,33.3737,-8.0002,2026-09-24,28.5,18.7,0.0,0,15.1,29.2,45,Hot,Dry,Breezy,16.3
Bou Arfa,Oriental,32.531,-1.9631,2026-09-18,29.7,17.9,0.0,20,23.1,36.0,3,Hot,Dry,Breezy,21.8
Bou Arfa,Oriental,32.531,-1.9631,2026-09-19,24.6,18.0,4.7,63,14.5,31.7,95,Moderate,Moderate Rain,Breezy,15.15
Bou Arfa,Oriental,32.531,-1.9631,2026-09-20,27.8,15.7,1.8,30,16.3,34.2,80,Hot,Light Rain,Breezy,17.38
Bou Arfa,Oriental,32.531,-1.9631,2026-09-21,26.0,16.6,0.0,13,14.5,23.4,2,Hot,Dry,Breezy,13.37
Bou Arfa,Oriental,32.531,-1.9631,2026-09-22,26.6,15.4,0.0,5,15.5,25.2,3,Hot,Dry,Breezy,15.38
Bou Arfa,Oriental,32.531,-1.9631,2026-09-23,28.1,16.5,0.0,3,10.7,18.7,3,Hot,Dry,Breezy,13.6
Bou Arfa,Oriental,32.531,-1.9631,2026-09-24,29.3,15.3,0.0,0,8.6,12.6,1,Hot,Dry,Calm,14.05
Tahannawt,Marrakech-Safi,31.3514,-7.9508,2026-09-18,27.6,14.5,0.0,0,12.2,25.6,2,Hot,Dry,Breezy,14.85
Tahannawt,Marrakech-Safi,31.3514,-7.9508,2026-09-19,31.8,18.0,0.0,13,16.1,28.4,2,Hot,Dry,Breezy,20.93
Tahannawt,Marrakech-Safi,31.3514,-7.9508,2026-09-20,32.9,21.1,0.1,40,17.3,34.9,3,Very Hot,Light Rain,Breezy,22.98
Tahannawt,Marrakech-Safi,31.3514,-7.9508,2026-09-21,32.9,21.1,0.0,5,16.6,32.8,2,Very Hot,Dry,Breezy,22.55
Tahannawt,Marrakech-Safi,31.3514,-7.9508,2026-09-22,32.7,21.4,0.0,3,16.6,32.0,0,Very Hot,Dry,Breezy,22.3
Tahannawt,Marrakech-Safi,31.3514,-7.9508,2026-09-23,32.8,17.5,0.0,5,14.4,26.3,0,Very Hot,Dry,Breezy,21.32
Tahannawt,Marrakech-Safi,31.3514,-7.9508,2026-09-24,32.2,17.2,0.0,5,13.5,24.5,1,Very Hot,Dry,Breezy,20.13
Arfoud,Drâa-Tafilalet,31.4361,-4.2328,2026-09-18,33.3,19.4,0.0,18,25.3,41.8,3,Very Hot,Dry,Breezy,27.4
Arfoud,Drâa-Tafilalet,31.4361,-4.2328,2026-09-19,31.3,21.2,1.5,38,19.5,36.7,80,Hot,Light Rain,Breezy,23.12
Arfoud,Drâa-Tafilalet,31.4361,-4.2328,2026-09-20,31.6,20.6,0.1,13,14.1,25.6,3,Hot,Light Rain,Breezy,19.75
Arfoud,Drâa-Tafilalet,31.4361,-4.2328,2026-09-21,33.4,20.7,0.3,35,14.0,24.5,3,Very Hot,Light Rain,Breezy,22.1
Arfoud,Drâa-Tafilalet,31.4361,-4.2328,2026-09-22,31.6,21.5,0.0,17,9.6,17.3,3,Hot,Dry,Calm,17.43
Arfoud,Drâa-Tafilalet,31.4361,-4.2328,2026-09-23,31.6,20.7,0.0,3,4.7,10.4,3,Hot,Dry,Calm,14.98
Arfoud,Drâa-Tafilalet,31.4361,-4.2328,2026-09-24,33.1,21.3,0.0,3,7.3,15.1,2,Very Hot,Dry,Calm,18.15
Tahla,Fès-Meknès,34.05,-4.42,2026-09-18,30.7,15.8,0.0,0,17.2,33.5,3,Hot,Dry,Breezy,20.1
Tahla,Fès-Meknès,34.05,-4.42,2026-09-19,32.2,20.5,0.1,10,27.0,53.3,2,Very Hot,Light Rain,Breezy,26.95
Tahla,Fès-Meknès,34.05,-4.42,2026-09-20,32.8,21.1,0.0,0,22.5,43.9,0,Very Hot,Dry,Breezy,25.37
Tahla,Fès-Meknès,34.05,-4.42,2026-09-21,32.3,20.4,0.0,0,17.2,34.9,3,Very Hot,Dry,Breezy,22.1
Tahla,Fès-Meknès,34.05,-4.42,2026-09-22,32.1,19.0,0.0,0,14.5,28.8,2,Very Hot,Dry,Breezy,20.5
Tahla,Fès-Meknès,34.05,-4.42,2026-09-23,33.4,19.2,0.0,0,17.2,33.5,1,Very Hot,Dry,Breezy,23.47
Tahla,Fès-Meknès,34.05,-4.42,2026-09-24,34.3,19.5,0.0,0,13.0,25.9,0,Very Hot,Dry,Breezy,22.5
Missour,Fès-Meknès,33.05,-3.9908,2026-09-18,30.4,15.3,0.0,8,28.0,44.3,3,Hot,Dry,Breezy,25.12
Missour,Fès-Meknès,33.05,-3.9908,2026-09-19,28.5,17.7,3.0,50,28.9,47.5,95,Hot,Moderate Rain,Breezy,25.45
Missour,Fès-Meknès,33.05,-3.9908,2026-09-20,30.2,17.1,0.6,30,22.8,38.9,45,Hot,Light Rain,Breezy,22.72
Missour,Fès-Meknès,33.05,-3.9908,2026-09-21,29.0,18.6,0.0,9,29.3,46.1,45,Hot,Dry,Breezy,24.02
Missour,Fès-Meknès,33.05,-3.9908,2026-09-22,29.5,16.1,0.0,3,19.6,30.2,3,Hot,Dry,Breezy,19.8
Missour,Fès-Meknès,33.05,-3.9908,2026-09-23,31.2,17.0,0.0,3,12.4,26.3,2,Hot,Dry,Breezy,18.32
Missour,Fès-Meknès,33.05,-3.9908,2026-09-24,32.8,16.8,0.0,0,12.8,24.8,1,Very Hot,Dry,Breezy,20.52
Sidi Lmokhtar,Marrakech-Safi,31.57,-9.01,2026-09-18,30.6,16.7,0.0,0,19.1,32.0,1,Hot,Dry,Breezy,20.93
Sidi Lmokhtar,Marrakech-Safi,31.57,-9.01,2026-09-19,33.8,19.4,0.0,0,16.2,27.0,2,Very Hot,Dry,Breezy,23.47
Sidi Lmokhtar,Marrakech-Safi,31.57,-9.01,2026-09-20,34.4,21.9,0.0,0,18.3,31.7,2,Very Hot,Dry,Breezy,25.27
Sidi Lmokhtar,Marrakech-Safi,31.57,-9.01,2026-09-21,37.6,22.2,0.0,0,18.8,36.4,2,Very Hot,Dry,Breezy,29.53
Sidi Lmokhtar,Marrakech-Safi,31.57,-9.01,2026-09-22,36.9,19.1,0.0,0,21.7,35.6,0,Very Hot,Dry,Breezy,30.1
Sidi Lmokhtar,Marrakech-Safi,31.57,-9.01,2026-09-23,33.0,17.2,0.0,0,19.2,32.0,0,Very Hot,Dry,Breezy,23.97
Sidi Lmokhtar,Marrakech-Safi,31.57,-9.01,2026-09-24,31.9,18.1,0.0,3,17.8,30.2,0,Hot,Dry,Breezy,21.9
Douar Toulal,Fès-Meknès,33.8951,-5.6021,2026-09-18,30.1,15.8,0.0,0,15.7,36.0,3,Hot,Dry,Breezy,18.6
Douar Toulal,Fès-Meknès,33.8951,-5.6021,2026-09-19,34.7,19.1,0.0,3,13.5,29.9,2,Very Hot,Dry,Breezy,23.25
Douar Toulal,Fès-Meknès,33.8951,-5.6021,2026-09-20,35.7,21.9,0.0,0,13.7,31.7,1,Very Hot,Dry,Breezy,24.6
Douar Toulal,Fès-Meknès,33.8951,-5.6021,2026-09-21,35.1,20.4,0.0,0,14.0,32.0,1,Very Hot,Dry,Breezy,24.0
Douar Toulal,Fès-Meknès,33.8951,-5.6021,2026-09-22,33.5,19.2,0.0,0,13.6,32.0,1,Very Hot,Dry,Breezy,21.8
Douar Toulal,Fès-Meknès,33.8951,-5.6021,2026-09-23,34.1,19.0,0.0,0,13.7,26.6,0,Very Hot,Dry,Breezy,22.6
Douar Toulal,Fès-Meknès,33.8951,-5.6021,2026-09-24,34.6,19.1,0.0,0,17.1,33.1,3,Very Hot,Dry,Breezy,24.93
Oulad Yaïch,Béni Mellal-Khénifra,32.4167,-6.3333,2026-09-18,33.5,18.2,0.0,0,8.7,15.5,3,Very Hot,Dry,Calm,19.35
Oulad Yaïch,Béni Mellal-Khénifra,32.4167,-6.3333,2026-09-19,37.2,21.3,0.0,10,15.1,27.4,2,Very Hot,Dry,Breezy,27.18
Oulad Yaïch,Béni Mellal-Khénifra,32.4167,-6.3333,2026-09-20,38.0,23.0,0.1,15,19.6,46.4,3,Very Hot,Light Rain,Breezy,30.5
Oulad Yaïch,Béni Mellal-Khénifra,32.4167,-6.3333,2026-09-21,37.3,23.0,0.3,5,14.5,27.4,3,Very Hot,Light Rain,Breezy,27.22
Oulad Yaïch,Béni Mellal-Khénifra,32.4167,-6.3333,2026-09-22,36.3,23.7,0.0,0,13.9,26.6,3,Very Hot,Dry,Breezy,25.45
Oulad Yaïch,Béni Mellal-Khénifra,32.4167,-6.3333,2026-09-23,36.0,22.6,0.0,0,16.7,32.4,1,Very Hot,Dry,Breezy,26.47
Oulad Yaïch,Béni Mellal-Khénifra,32.4167,-6.3333,2026-09-24,36.4,25.3,0.0,0,16.6,31.7,3,Very Hot,Dry,Breezy,26.92
Zawyat ech Cheïkh,Béni Mellal-Khénifra,32.6541,-5.9214,2026-09-18,31.9,14.9,0.0,0,10.4,20.2,3,Hot,Dry,Breezy,18.2
Zawyat ech Cheïkh,Béni Mellal-Khénifra,32.6541,-5.9214,2026-09-19,35.2,19.5,0.0,3,13.0,23.8,2,Very Hot,Dry,Breezy,23.63
Zawyat ech Cheïkh,Béni Mellal-Khénifra,32.6541,-5.9214,2026-09-20,35.8,19.9,0.0,5,15.9,29.2,3,Very Hot,Dry,Breezy,25.82
Zawyat ech Cheïkh,Béni Mellal-Khénifra,32.6541,-5.9214,2026-09-21,35.3,18.6,0.0,3,14.1,28.4,3,Very Hot,Dry,Breezy,24.3
Zawyat ech Cheïkh,Béni Mellal-Khénifra,32.6541,-5.9214,2026-09-22,33.6,17.9,0.0,3,15.5,28.4,3,Very Hot,Dry,Breezy,22.88
Zawyat ech Cheïkh,Béni Mellal-Khénifra,32.6541,-5.9214,2026-09-23,34.8,17.7,0.0,0,12.0,22.0,1,Very Hot,Dry,Breezy,22.62
Zawyat ech Cheïkh,Béni Mellal-Khénifra,32.6541,-5.9214,2026-09-24,35.3,18.2,0.0,0,14.2,25.6,3,Very Hot,Dry,Breezy,24.35
Imi-n-Tanout,Marrakech-Safi,31.177,-8.8504,2026-09-18,26.7,16.0,0.0,0,17.1,29.2,2,Hot,Dry,Breezy,15.43
Imi-n-Tanout,Marrakech-Safi,31.177,-8.8504,2026-09-19,30.9,20.0,0.0,3,16.6,29.5,2,Hot,Dry,Breezy,20.05
Imi-n-Tanout,Marrakech-Safi,31.177,-8.8504,2026-09-20,32.2,23.0,0.5,40,19.7,33.8,80,Very Hot,Light Rain,Breezy,23.6
Imi-n-Tanout,Marrakech-Safi,31.177,-8.8504,2026-09-21,34.2,23.0,0.0,5,22.0,43.6,3,Very Hot,Dry,Breezy,26.88
Imi-n-Tanout,Marrakech-Safi,31.177,-8.8504,2026-09-22,33.4,23.4,0.0,5,22.9,39.6,1,Very Hot,Dry,Breezy,26.32
Imi-n-Tanout,Marrakech-Safi,31.177,-8.8504,2026-09-23,32.1,22.3,0.0,1,17.3,30.6,0,Very Hot,Dry,Breezy,21.9
Imi-n-Tanout,Marrakech-Safi,31.177,-8.8504,2026-09-24,31.7,19.6,0.0,3,17.4,29.9,1,Hot,Dry,Breezy,21.45
Sebt Gzoula,Marrakech-Safi,32.1219,-9.0889,2026-09-18,29.4,17.6,0.0,0,17.7,33.8,1,Hot,Dry,Breezy,18.72
Sebt Gzoula,Marrakech-Safi,32.1219,-9.0889,2026-09-19,32.4,18.8,0.0,0,14.5,29.9,2,Very Hot,Dry,Breezy,20.88
Sebt Gzoula,Marrakech-Safi,32.1219,-9.0889,2026-09-20,30.5,21.1,0.0,0,14.3,28.4,2,Hot,Dry,Breezy,18.4
Sebt Gzoula,Marrakech-Safi,32.1219,-9.0889,2026-09-21,33.8,20.6,0.0,0,14.0,27.0,1,Very Hot,Dry,Breezy,22.37
Sebt Gzoula,Marrakech-Safi,32.1219,-9.0889,2026-09-22,33.1,19.4,0.0,0,16.3,31.3,45,Very Hot,Dry,Breezy,22.65
Sebt Gzoula,Marrakech-Safi,32.1219,-9.0889,2026-09-23,28.6,18.2,0.0,0,13.6,27.0,45,Hot,Dry,Breezy,15.68
Sebt Gzoula,Marrakech-Safi,32.1219,-9.0889,2026-09-24,27.4,18.0,0.0,5,13.8,26.3,45,Hot,Dry,Breezy,14.27
Tifariti,Laâyoune-Sakia El Hamra,26.158,-10.567,2026-09-18,30.5,16.6,0.0,0,35.0,53.6,3,Hot,Dry,Strong Wind,28.75
Tifariti,Laâyoune-Sakia El Hamra,26.158,-10.567,2026-09-19,31.3,16.3,0.0,0,23.7,37.1,3,Hot,Dry,Breezy,24.1
Tifariti,Laâyoune-Sakia El Hamra,26.158,-10.567,2026-09-20,37.4,19.3,0.0,4,12.3,25.6,0,Very Hot,Dry,Breezy,26.02
Tifariti,Laâyoune-Sakia El Hamra,26.158,-10.567,2026-09-21,38.3,25.3,0.0,18,12.0,25.2,1,Very Hot,Dry,Breezy,27.0
Tifariti,Laâyoune-Sakia El Hamra,26.158,-10.567,2026-09-22,38.7,24.5,0.0,7,20.3,37.1,1,Very Hot,Dry,Breezy,31.65
Tifariti,Laâyoune-Sakia El Hamra,26.158,-10.567,2026-09-23,38.6,26.3,0.0,4,21.6,41.4,3,Very Hot,Dry,Breezy,32.18
Tifariti,Laâyoune-Sakia El Hamra,26.158,-10.567,2026-09-24,38.6,27.0,0.0,2,20.3,38.2,3,Very Hot,Dry,Breezy,31.53
